boot,minute,raw,pct
1,0,2508,56.68
1,1,2508,55.89
1,2,2476,56.05
1,0,1,2506,55.90
2,1,1,2500,56.71
2,2,1,2506,56.26
2,3,1,2502,56.55
2,4,1,2504,55.80
2,5,1,2502,55.86
2,6,1,2496,56.08
2,7,1,2504,56.23
2,8,1,2468,57.10
2,9,1,2472,56.55
2,10,1,2502,56.39
2,11,1,2498,55.81
2,12,1,2498,56.06
3,13,1,2468,57.15
3,14,1,2510,56.60
3,15,1,2332,32.13
#RESET,16
3,16,1,2126,73.32
4,17,1,2140,73.04
4,18,1,2136,73.17
4,19,1,2132,73.36
4,20,1,2126,73.57
4,21,1,2124,73.73
4,22,1,2118,73.90
4,23,1,2114,74.04
4,24,1,2112,74.18
4,25,1,2114,74.30
4,26,1,2112,74.39
4,27,1,2106,74.48
4,28,1,2106,74.56
4,29,1,2102,74.65
4,30,1,2104,74.70
4,31,1,2100,74.79
4,32,1,2100,74.85
4,33,1,2100,74.89
4,34,1,2100,74.97
4,35,1,2098,75.03
4,36,1,2092,75.10
4,37,1,2092,75.13
4,38,1,2092,75.18
4,39,1,2090,75.22
4,40,1,2092,75.26
4,41,1,2092,75.31
4,42,1,2090,75.35
4,43,1,2090,75.39
4,44,1,2090,75.40
4,45,1,2088,75.45
4,46,1,2086,75.49
4,47,1,2088,75.51
4,48,1,2084,75.53
4,49,1,2090,75.56
4,50,1,2084,75.59
4,51,1,2086,75.60
4,52,1,2082,75.65
4,53,1,2084,75.67
4,54,1,2080,75.72
4,55,1,2082,75.73
4,56,1,2080,75.77
4,57,1,2080,75.79
4,58,1,2080,75.81
4,59,1,2080,75.84
4,60,1,2078,75.85
4,61,1,2074,75.87
4,62,1,2078,75.88
4,63,1,2080,75.92
4,64,1,2078,75.92
4,65,1,2078,75.95
4,66,1,2076,75.96
4,67,1,2076,75.99
4,68,1,2074,76.01
4,69,1,2076,76.00
4,70,1,2076,76.05
4,71,1,2074,76.07
4,72,1,2074,76.09
4,73,1,2074,76.09
4,74,1,2074,76.12
4,75,1,2072,76.14
4,76,1,2076,76.16
4,77,1,2070,76.16
4,78,1,2072,76.20
4,79,1,2074,76.19
4,80,1,2074,76.20
4,81,1,2072,76.20
4,82,1,2074,76.21
4,83,1,2074,76.23
4,84,1,2070,76.25
4,85,1,2070,76.25
4,86,1,2072,76.28
4,87,1,2070,76.29
4,88,1,2070,76.30
4,89,1,2072,76.30
4,90,1,2072,76.32
4,91,1,2070,76.35
4,92,1,2068,76.36
4,93,1,2068,76.36
4,94,1,2074,76.43
4,95,1,2068,76.44
4,96,1,2066,76.42
4,97,1,2066,76.45
4,98,1,2066,76.43
4,99,1,2064,76.49
4,100,1,2066,76.48
4,101,1,2066,76.50
4,102,1,2062,76.51
4,103,1,2066,76.50
4,104,1,2066,76.53
4,105,1,2062,76.54
4,106,1,2066,76.54
4,107,1,2064,76.57
4,108,1,2064,76.57
4,109,1,2060,76.58
4,110,1,2068,76.58
4,111,1,2062,76.60
4,112,1,2062,76.60
4,113,1,2060,76.60
4,114,1,2062,76.62
4,115,1,2064,76.63
4,116,1,2060,76.62
4,117,1,2062,76.65
4,118,1,2064,76.64
4,119,1,2064,76.66
4,120,1,2060,76.66
4,121,1,2064,76.68
4,122,1,2060,76.69
4,123,1,2060,76.69
4,124,1,2066,76.69
4,125,1,2060,76.70
4,126,1,2062,76.72
4,127,1,2062,76.72
4,128,1,2058,76.74
4,129,1,2062,76.72
4,130,1,2062,76.75
4,131,1,2062,76.74
4,132,1,2062,76.76
4,133,1,2064,76.77
4,134,1,2062,76.74
4,135,1,2058,76.77
4,136,1,2060,76.76
4,137,1,2060,76.76
4,138,1,2062,76.79
4,139,1,2058,76.82
4,140,1,2062,76.79
4,141,1,2060,76.80
4,142,1,2056,76.82
4,143,1,2056,76.82
4,144,1,2060,76.83
4,145,1,2058,76.84
4,146,1,2060,76.85
4,147,1,2060,76.85
4,148,1,2056,76.85
4,149,1,2060,76.87
4,150,1,2056,76.87
4,151,1,2058,76.90
4,152,1,2058,76.89
4,153,1,2058,76.88
4,154,1,2056,76.89
4,155,1,2058,76.89
4,156,1,2058,76.92
4,157,1,2056,76.89
4,158,1,2056,76.92
4,159,1,2058,76.90
4,160,1,2054,76.93
4,161,1,2056,76.94
4,162,1,2058,76.94
4,163,1,2056,76.92
4,164,1,2058,76.94
4,165,1,2058,76.93
4,166,1,2054,76.97
4,167,1,2056,76.94
4,168,1,2056,76.97
4,169,1,2056,76.97
4,170,1,2056,76.98
4,171,1,2056,76.98
4,172,1,2058,77.00
4,173,1,2056,77.01
4,174,1,2056,77.02
4,175,1,2056,77.02
4,176,1,2060,77.01
4,177,1,2056,77.02
4,178,1,2054,77.03
4,179,1,2056,77.04
4,180,1,2054,77.04
4,181,1,2050,77.06
4,182,1,2054,77.06
4,183,1,2052,77.06
4,184,1,2054,77.07
4,185,1,2056,77.06
4,186,1,2052,77.07
4,187,1,2054,77.07
4,188,1,2052,77.08
4,189,1,2050,77.08
4,190,1,2054,77.08
4,191,1,2056,77.08
4,192,1,2058,77.10
4,193,1,2052,77.09
4,194,1,2052,77.10
4,195,1,2054,77.13
4,196,1,2052,77.13
4,197,1,2054,77.10
4,198,1,2052,77.13
4,199,1,2056,77.15
4,200,1,2054,77.14
4,201,1,2054,77.13
4,202,1,2052,77.12
4,203,1,2054,77.15
4,204,1,2044,77.19
4,205,1,2052,77.16
4,206,1,2052,77.22
4,207,1,2050,77.18
4,208,1,2052,77.16
4,209,1,2050,77.21
4,210,1,2050,77.20
4,211,1,2052,77.20
4,212,1,2056,77.21
4,213,1,2050,77.20
4,214,1,2052,77.24
4,215,1,2052,77.22
4,216,1,2052,77.23
4,217,1,2054,77.22
4,218,1,2050,77.23
4,219,1,2052,77.28
4,220,1,2052,77.27
4,221,1,2044,77.28
4,222,1,2050,77.32
4,223,1,2050,77.32
4,224,1,2052,77.32
4,225,1,2044,77.31
4,226,1,2054,77.28
4,227,1,2050,77.33
4,228,1,2050,77.40
4,229,1,2042,77.40
4,230,1,2040,77.34
4,231,1,2052,77.37
4,232,1,2044,77.34
4,233,1,2042,77.41
4,234,1,2044,77.41
4,235,1,2042,77.46
4,236,1,2044,77.42
4,237,1,2044,77.44
4,238,1,2050,77.41
4,239,1,2050,77.36
4,240,1,2042,77.44
4,241,1,2042,77.42
4,242,1,2042,77.45
4,243,1,2044,77.48
4,244,1,2042,77.44
4,245,1,2050,77.47
4,246,1,2044,77.43
4,247,1,2040,77.48
4,248,1,2052,77.51
4,249,1,2044,77.47
4,250,1,2050,77.45
4,251,1,2042,77.52
4,252,1,2042,77.54
4,253,1,2042,77.51
4,254,1,2042,77.54
4,255,1,2040,77.58
4,256,1,2042,77.59
4,257,1,2042,77.55
4,258,1,2040,77.56
4,259,1,2042,77.54
4,260,1,2042,77.53
4,261,1,2050,77.58
4,262,1,2054,77.58
4,263,1,2040,77.59
4,264,1,2038,77.56
4,265,1,2044,77.62
4,266,1,2042,77.64
4,267,1,2044,77.61
4,268,1,2050,77.64
4,269,1,2050,77.63
4,270,1,2040,77.63
4,271,1,2040,77.61
4,272,1,2042,77.63
4,273,1,2050,77.60
4,274,1,2040,77.64
4,275,1,2040,77.64
4,276,1,2040,77.61
4,277,1,2040,77.63
4,278,1,2038,77.66
4,279,1,2042,77.64
4,280,1,2042,77.65
4,281,1,2050,77.65
4,282,1,2040,77.68
4,283,1,2040,77.68
4,284,1,2040,77.68
4,285,1,2042,77.69
4,286,1,2038,77.69
4,287,1,2042,77.69
4,288,1,2038,77.70
4,289,1,2050,77.70
4,290,1,2040,77.75
4,291,1,2040,77.71
4,292,1,2040,77.72
4,293,1,2042,77.72
4,294,1,2040,77.73
4,295,1,2042,77.73
4,296,1,2040,77.75
4,297,1,2034,77.74
4,298,1,2040,77.76
4,299,1,2038,77.76
4,300,1,2038,77.72
4,301,1,2036,77.77
4,302,1,2040,77.74
4,303,1,2040,77.75
4,304,1,2038,77.78
4,305,1,2036,77.77
4,306,1,2040,77.76
4,307,1,2042,77.78
4,308,1,2036,77.77
4,309,1,2038,77.79
4,310,1,2040,77.79
4,311,1,2036,77.77
4,312,1,2038,77.78
4,313,1,2036,77.78
4,314,1,2040,77.81
4,315,1,2040,77.80
4,316,1,2040,77.80
4,317,1,2036,77.80
4,318,1,2040,77.79
4,319,1,2042,77.82
4,320,1,2040,77.81
4,321,1,2040,77.80
4,322,1,2038,77.80
4,323,1,2036,77.82
4,324,1,2038,77.83
4,325,1,2038,77.82
4,326,1,2040,77.83
4,327,1,2042,77.82
4,328,1,2036,77.83
4,329,1,2038,77.83
4,330,1,2038,77.85
4,331,1,2038,77.82
4,332,1,2038,77.83
4,333,1,2036,77.84
4,334,1,2034,77.85
4,335,1,2036,77.86
4,336,1,2036,77.87
4,337,1,2038,77.86
4,338,1,2038,77.85
4,339,1,2040,77.87
4,340,1,2036,77.87
4,341,1,2036,77.88
4,342,1,2036,77.86
4,343,1,2040,77.88
4,344,1,2040,77.87
4,345,1,2040,77.87
4,346,1,2036,77.87
4,347,1,2038,77.88
4,348,1,2038,77.86
4,349,1,2038,77.86
4,350,1,2040,77.87
4,351,1,2034,77.88
4,352,1,2036,77.90
4,353,1,2038,77.90
4,354,1,2036,77.92
4,355,1,2036,77.91
4,356,1,2036,77.91
4,357,1,2034,77.91
4,358,1,2034,77.93
4,359,1,2036,77.92
4,360,1,2034,77.94
4,361,1,2038,77.92
4,362,1,2034,77.92
4,363,1,2034,77.92
4,364,1,2038,77.94
4,365,1,2036,77.94
4,366,1,2038,77.94
4,367,1,2036,77.93
4,368,1,2036,77.93
4,369,1,2034,77.96
4,370,1,2038,77.93
4,371,1,2040,77.94
4,372,1,2034,77.95
4,373,1,2034,77.96
4,374,1,2034,77.97
4,375,1,2036,77.95
4,376,1,2038,77.96
4,377,1,2036,77.98
4,378,1,2034,77.95
4,379,1,2030,77.97
4,380,1,2034,77.98
4,381,1,2036,77.94
4,382,1,2034,77.99
4,383,1,2032,77.97
4,384,1,2036,77.98
4,385,1,2034,77.97
4,386,1,2038,77.97
4,387,1,2034,77.99
4,388,1,2034,77.99
4,389,1,2038,77.98
4,390,1,2038,77.99
4,391,1,2032,77.97
4,392,1,2034,77.99
4,393,1,2038,77.97
4,394,1,2034,78.02
4,395,1,2034,78.00
4,396,1,2036,78.00
4,397,1,2034,78.02
4,398,1,2036,78.02
4,399,1,2034,78.01
4,400,1,2036,78.01
4,401,1,2032,78.00
4,402,1,2034,78.03
4,403,1,2034,78.01
4,404,1,2036,78.01
4,405,1,2036,78.03
4,406,1,2032,78.05
4,407,1,2034,78.03
4,408,1,2034,78.02
4,409,1,2032,78.04
4,410,1,2038,78.02
4,411,1,2038,78.04
4,412,1,2030,78.04
4,413,1,2038,78.04
4,414,1,2032,78.05
4,415,1,2034,78.04
4,416,1,2032,78.05
4,417,1,2032,78.05
4,418,1,2032,78.07
4,419,1,2034,78.07
4,420,1,2032,78.05
4,421,1,2032,78.08
4,422,1,2030,78.05
4,423,1,2032,78.05
4,424,1,2030,78.06
4,425,1,2034,78.07
4,426,1,2032,78.11
4,427,1,2036,78.09
4,428,1,2032,78.08
4,429,1,2032,78.10
4,430,1,2038,78.09
4,431,1,2032,78.11
4,432,1,2028,78.10
4,433,1,2030,78.11
4,434,1,2028,78.11
4,435,1,2034,78.12
4,436,1,2030,78.11
4,437,1,2032,78.12
4,438,1,2034,78.15
4,439,1,2032,78.13
4,440,1,2032,78.11
4,441,1,2032,78.12
4,442,1,2028,78.12
4,443,1,2030,78.13
4,444,1,2032,78.12
4,445,1,2034,78.13
4,446,1,2030,78.14
4,447,1,2028,78.17
4,448,1,2030,78.13
4,449,1,2032,78.16
4,450,1,2032,78.16
4,451,1,2032,78.16
4,452,1,2032,78.15
4,453,1,2030,78.13
4,454,1,2034,78.15
4,455,1,2030,78.17
4,456,1,2030,78.17
4,457,1,2030,78.16
4,458,1,2036,78.16
4,459,1,2032,78.18
4,460,1,2032,78.17
4,461,1,2030,78.16
4,462,1,2028,78.18
4,463,1,2032,78.17
4,464,1,2030,78.19
4,465,1,2030,78.18
4,466,1,2030,78.21
4,467,1,2030,78.19
4,468,1,2030,78.19
4,469,1,2028,78.20
4,470,1,2032,78.22
4,471,1,2032,78.19
4,472,1,2028,78.21
4,473,1,2028,78.19
4,474,1,2028,78.20
4,475,1,2028,78.22
4,476,1,2032,78.24
4,477,1,2028,78.23
4,478,1,2026,78.24
4,479,1,2030,78.24
4,480,1,2028,78.25
4,481,1,2030,78.26
4,482,1,2028,78.27
4,483,1,2028,78.28
4,484,1,2028,78.30
4,485,1,2028,78.28
4,486,1,2030,78.29
4,487,1,2026,78.30
4,488,1,2030,78.34
4,489,1,2024,78.32
4,490,1,2028,78.34
4,491,1,2026,78.34
4,492,1,2026,78.36
4,493,1,2030,78.38
4,494,1,2026,78.41
4,495,1,2026,78.39
4,496,1,2028,78.40
4,497,1,2024,78.39
4,498,1,2026,78.42
4,499,1,2022,78.44
4,500,1,2026,78.43
4,501,1,2024,78.42
4,502,1,2024,78.45
4,503,1,2026,78.46
4,504,1,2024,78.49
4,505,1,2024,78.48
4,506,1,2022,78.49
4,507,1,2022,78.48
4,508,1,2024,78.48
4,509,1,2026,78.50
4,510,1,2024,78.53
4,511,1,2024,78.53
4,512,1,2020,78.54
4,513,1,2022,78.57
4,514,1,2020,78.61
4,515,1,2020,78.63
4,516,1,2018,78.62
4,517,1,2020,78.63
4,518,1,2018,78.65
4,519,1,2022,78.67
4,520,1,2018,78.68
4,521,1,2020,78.67
4,522,1,2018,78.65
4,523,1,2020,78.68
4,524,1,2018,78.67
4,525,1,2020,78.66
4,526,1,2020,78.62
4,527,1,2022,78.59
4,528,1,2022,78.58
4,529,1,2022,78.57
4,530,1,2022,78.48
4,531,1,2026,78.47
4,532,1,2022,78.48
4,533,1,2024,78.46
4,534,1,2024,78.48
4,535,1,2022,78.47
4,536,1,2024,78.49
4,537,1,2022,78.51
4,538,1,2022,78.52
4,539,1,2020,78.55
4,540,1,2026,78.56
4,541,1,2024,78.58
4,542,1,2022,78.59
4,543,1,2020,78.58
4,544,1,2020,78.64
4,545,1,2018,78.72
4,546,1,2018,78.63
4,547,1,2022,78.61
4,548,1,2020,78.62
4,549,1,2022,78.66
4,550,1,2020,78.68
4,551,1,2018,78.69
4,552,1,2016,78.73
4,553,1,2016,78.76
4,554,1,2018,78.77
4,555,1,2018,78.76
4,556,1,2018,78.77
4,557,1,2016,78.79
4,558,1,2016,78.82
4,559,1,2012,78.85
4,560,1,2010,78.99
4,561,1,1992,79.85
4,562,1,1992,79.76
4,563,1,1978,80.43
4,564,1,1990,80.26
4,565,1,1988,80.04
4,566,1,1988,80.08
4,567,1,1984,80.34
4,568,1,1980,80.64
4,569,1,1978,80.60
4,570,1,1982,80.58
4,571,1,1980,80.53
4,572,1,1984,80.50
4,573,1,1984,80.31
4,574,1,2000,80.07
4,575,1,2014,79.28
4,576,1,2022,78.78
4,577,1,2020,78.64
4,578,1,2022,78.55
4,579,1,2022,78.53
4,580,1,2022,78.55
4,581,1,2026,78.55
4,582,1,2022,78.60
4,583,1,2020,78.66
4,584,1,2018,78.74
4,585,1,2016,78.85
4,586,1,2012,78.99
4,587,1,2002,79.20
4,588,1,1986,80.32
4,589,1,1974,80.36
4,590,1,2008,80.08
4,591,1,2012,79.11
4,592,1,2010,78.97
4,593,1,2016,79.01
4,594,1,2006,79.14
4,595,1,2006,79.30
4,596,1,2012,79.25
4,597,1,2014,79.01
4,598,1,2008,79.12
4,599,1,2010,79.17
4,600,1,2008,79.37
4,601,1,2010,79.19
4,602,1,2008,79.15
4,603,1,2010,79.22
4,604,1,2008,79.48
4,605,1,2016,78.83
4,606,1,2020,78.68
4,607,1,2022,78.60
4,608,1,2022,78.57
4,609,1,2022,78.59
4,610,1,2022,78.60
4,611,1,2020,78.58
4,612,1,2022,78.58
4,613,1,2020,78.65
4,614,1,2018,78.66
4,615,1,2018,78.71
4,616,1,2020,78.80
4,617,1,2014,78.93
4,618,1,2014,78.78
4,619,1,2018,78.85
4,620,1,2014,78.87
4,621,1,2016,78.84
4,622,1,2020,78.83
4,623,1,2018,78.93
4,624,1,2016,78.87
4,625,1,2018,78.91
4,626,1,2018,78.97
4,627,1,2014,78.97
4,628,1,2016,79.02
4,629,1,2010,79.05
4,630,1,2010,79.11
4,631,1,2014,79.01
4,632,1,2012,79.06
4,633,1,2008,79.13
4,634,1,2006,79.35
4,635,1,1996,79.40
4,636,1,2006,79.72
4,637,1,2006,79.23
4,638,1,2004,79.33
4,639,1,2006,79.29
4,640,1,2002,79.36
4,641,1,2010,79.39
4,642,1,2014,79.16
4,643,1,2012,79.09
4,644,1,2026,78.46
4,645,1,2024,78.43
4,646,1,2018,78.62
4,647,1,2016,78.52
4,648,1,2020,78.70
4,649,1,2024,78.55
4,650,1,2026,78.38
4,651,1,2026,78.39
4,652,1,2024,78.42
4,653,1,2026,78.49
4,654,1,2026,78.39
4,655,1,2028,78.41
4,656,1,2026,78.41
4,657,1,2024,78.42
4,658,1,2020,78.68
4,659,1,2022,78.63
4,660,1,2024,78.54
4,661,1,2024,78.47
4,662,1,2026,78.35
4,663,1,2026,78.34
4,664,1,2028,78.36
4,665,1,2024,78.42
4,666,1,2022,78.54
4,667,1,2026,78.51
4,668,1,2022,78.56
4,669,1,2020,78.56
4,670,1,2018,78.66
4,671,1,2020,78.65
4,672,1,2016,78.69
4,673,1,2020,78.71
4,674,1,2018,78.70
4,675,1,2018,78.68
4,676,1,2020,78.66
4,677,1,2018,78.68
4,678,1,2018,78.71
4,679,1,2022,78.75
4,680,1,2016,78.81
4,681,1,2016,78.83
4,682,1,2014,78.91
4,683,1,2018,78.87
4,684,1,2014,78.98
4,685,1,2014,79.02
4,686,1,2016,78.93
4,687,1,2014,79.01
4,688,1,2014,79.00
4,689,1,2014,79.00
4,690,1,2012,79.02
4,691,1,2012,78.94
4,692,1,2016,78.89
4,693,1,2014,78.91
4,694,1,2016,78.85
4,695,1,2016,78.85
4,696,1,2020,78.80
4,697,1,2018,78.79
4,698,1,2016,78.82
4,699,1,2016,78.80
4,700,1,2020,78.80
4,701,1,2016,78.84
4,702,1,2016,78.84
4,703,1,2016,78.83
4,704,1,2014,78.86
4,705,1,2022,78.86
4,706,1,2012,78.86
4,707,1,2016,78.86
4,708,1,2016,78.84
4,709,1,2018,78.84
4,710,1,2014,78.86
4,711,1,2016,78.85
4,712,1,2016,78.85
4,713,1,2018,78.85
4,714,1,2014,78.85
4,715,1,2018,78.84
4,716,1,2018,78.86
4,717,1,2018,78.85
4,718,1,2018,78.85
4,719,1,2016,78.85
4,720,1,2016,78.85
4,721,1,2014,78.89
4,722,1,2016,78.93
4,723,1,2014,78.91
4,724,1,2014,78.90
4,725,1,2016,78.91
4,726,1,2014,78.92
4,727,1,2016,78.93
4,728,1,2014,78.91
4,729,1,2012,78.92
4,730,1,2018,78.90
4,731,1,2016,78.94
4,732,1,2014,78.90
4,733,1,2014,78.95
4,734,1,2014,78.96
4,735,1,2010,78.95
4,736,1,2014,78.96
4,737,1,2014,78.94
4,738,1,2014,78.95
4,739,1,2016,78.99
4,740,1,2012,78.97
4,741,1,2014,78.98
4,742,1,2012,78.97
4,743,1,2010,78.95
4,744,1,2016,78.93
4,745,1,2016,78.92
4,746,1,2014,78.93
4,747,1,2014,78.94
4,748,1,2014,78.92
4,749,1,2014,78.91
4,750,1,2014,78.93
4,751,1,2014,78.94
4,752,1,2012,78.94
4,753,1,2016,78.93
4,754,1,2014,78.92
4,755,1,2014,78.92
4,756,1,2014,78.92
4,757,1,2014,78.91
4,758,1,2014,78.91
4,759,1,2014,78.90
4,760,1,2010,78.93
4,761,1,2014,78.92
4,762,1,2014,78.89
4,763,1,2016,78.88
4,764,1,2014,78.89
4,765,1,2016,78.91
4,766,1,2016,78.91
4,767,1,2016,78.93
4,768,1,2014,78.92
4,769,1,2014,78.91
4,770,1,2016,78.89
4,771,1,2016,78.89
4,772,1,2018,78.90
4,773,1,2016,78.88
4,774,1,2018,78.86
4,775,1,2014,78.86
4,776,1,2014,78.88
4,777,1,2016,78.88
4,778,1,2016,78.88
4,779,1,2014,78.89
4,780,1,2016,78.91
4,781,1,2016,78.90
4,782,1,2016,78.89
4,783,1,2016,78.88
4,784,1,2016,78.88
4,785,1,2016,78.89
4,786,1,2016,78.87
4,787,1,2016,78.88
4,788,1,2014,78.87
4,789,1,2016,78.88
4,790,1,2016,78.90
4,791,1,2016,78.89
4,792,1,2016,78.89
4,793,1,2016,78.90
4,794,1,2014,78.91
4,795,1,2016,78.89
4,796,1,2016,78.88
4,797,1,2018,78.85
4,798,1,2016,78.86
4,799,1,2016,78.87
4,800,1,2016,78.88
4,801,1,2014,78.86
4,802,1,2016,78.86
4,803,1,2014,78.87
4,804,1,2016,78.86
4,805,1,2016,78.85
4,806,1,2016,78.84
4,807,1,2014,78.86
4,808,1,2018,78.86
4,809,1,2018,78.87
4,810,1,2016,78.86
4,811,1,2016,78.84
4,812,1,2018,78.84
4,813,1,2016,78.85
4,814,1,2016,78.85
4,815,1,2016,78.86
4,816,1,2016,78.87
4,817,1,2016,78.88
4,818,1,2014,78.89
4,819,1,2014,78.92
4,820,1,2014,78.90
4,821,1,2014,78.90
4,822,1,2016,78.89
4,823,1,2014,78.91
4,824,1,2016,78.90
4,825,1,2016,78.91
4,826,1,2012,78.91
4,827,1,2014,78.91
4,828,1,2014,78.94
4,829,1,2014,78.94
4,830,1,2016,78.95
4,831,1,2014,78.94
4,832,1,2014,78.94
4,833,1,2016,78.92
4,834,1,2014,78.91
4,835,1,2016,78.89
4,836,1,2016,78.90
4,837,1,2014,78.88
4,838,1,2016,78.87
4,839,1,2014,78.87
4,840,1,2014,78.87
4,841,1,2018,78.88
4,842,1,2016,78.86
4,843,1,2020,78.84
4,844,1,2016,78.84
4,845,1,2016,78.83
4,846,1,2016,78.84
4,847,1,2016,78.85
4,848,1,2016,78.85
4,849,1,2018,78.83
4,850,1,2016,78.83
4,851,1,2016,78.82
4,852,1,2016,78.90
4,853,1,2016,78.86
4,854,1,2014,78.86
4,855,1,2016,78.87
5,856,1,1990,79.97
5,857,1,1990,79.92
5,858,1,1992,79.90
5,859,1,1994,79.91
5,860,1,1992,79.88
5,861,1,1996,79.91
5,862,1,1992,79.93
5,863,1,1992,79.94
5,864,1,1994,79.93
5,865,1,1992,79.92
5,866,1,1994,79.90
5,867,1,1994,79.89
5,868,1,1992,79.89
5,869,1,1996,79.89
5,870,1,1994,79.91
5,871,1,1994,79.90
5,872,1,1988,79.88
5,873,1,2000,79.84
5,874,1,2002,79.87
5,875,1,1994,79.86
5,876,1,1998,79.83
5,877,1,1996,79.79
5,878,1,1996,79.80
5,879,1,1996,79.84
5,880,1,1992,79.80
5,881,1,1994,79.81
5,882,1,1998,79.82
5,883,1,1998,79.81
5,884,1,1996,79.77
5,885,1,2000,79.77
5,886,1,2002,79.75
5,887,1,1994,79.74
5,888,1,1996,79.73
5,889,1,1994,79.76
5,890,1,1998,79.73
5,891,1,1996,79.71
5,892,1,2000,79.75
5,893,1,2002,79.73
5,894,1,1994,79.77
5,895,1,1996,79.77
5,896,1,1994,79.77
5,897,1,1990,79.77
5,898,1,1996,79.79
5,899,1,1994,79.80
5,900,1,2000,79.80
5,901,1,2000,79.77
5,902,1,1998,79.79
5,903,1,1994,79.82
5,904,1,1992,79.85
5,905,1,1990,79.83
5,906,1,1992,79.81
5,907,1,1992,79.82
5,908,1,2000,79.80
5,909,1,1994,79.83
5,910,1,1998,79.83
5,911,1,1994,79.80
5,912,1,1996,79.83
5,913,1,1998,79.82
5,914,1,1998,79.82
5,915,1,1990,79.86
5,916,1,2002,79.77
5,917,1,1992,79.79
5,918,1,1998,79.79
5,919,1,1994,79.75
5,920,1,1992,79.75
5,921,1,1998,79.78
5,922,1,1998,79.77
5,923,1,1996,79.78
5,924,1,1996,79.76
5,925,1,1998,79.78
5,926,1,1998,79.74
5,927,1,2000,79.75
5,928,1,1998,79.73
5,929,1,1994,79.74
5,930,1,1994,79.75
5,931,1,1996,79.77
5,932,1,1998,79.76
5,933,1,2000,79.77
5,934,1,1998,79.76
5,935,1,1996,79.78
5,936,1,1998,79.77
5,937,1,1996,79.78
5,938,1,1994,79.78
5,939,1,2000,79.78
5,940,1,1996,79.80
5,941,1,1996,79.78
5,942,1,1998,79.81
5,943,1,1994,79.79
5,944,1,1992,79.81
5,945,1,1998,79.77
5,946,1,1988,79.79
5,947,1,1998,79.79
5,948,1,1998,79.80
5,949,1,1998,79.76
5,950,1,1996,79.81
5,951,1,1992,79.83
5,952,1,2000,79.80
5,953,1,1994,79.82
5,954,1,1996,79.82
5,955,1,1996,79.81
5,956,1,1992,79.78
5,957,1,1994,79.83
5,958,1,1990,79.83
5,959,1,1992,79.83
5,960,1,1998,79.85
5,961,1,1994,79.82
5,962,1,1998,79.84
5,963,1,2002,79.85
5,964,1,1994,79.87
5,965,1,1994,79.82
5,966,1,1996,79.84
5,967,1,1994,79.85
5,968,1,1994,79.87
5,969,1,1990,79.86
5,970,1,1998,79.91
5,971,1,2000,79.95
5,972,1,2000,79.85
5,973,1,1988,79.86
5,974,1,1992,79.87
5,975,1,1994,79.90
5,976,1,1996,79.85
5,977,1,2000,79.84
5,978,1,1994,79.86
5,979,1,1992,79.86
5,980,1,1998,79.86
5,981,1,1996,79.88
5,982,1,1996,79.83
5,983,1,1998,79.87
5,984,1,1998,79.83
5,985,1,2002,79.84
5,986,1,1994,79.84
5,987,1,1996,79.86
5,988,1,1994,79.86
5,989,1,1998,79.84
5,990,1,1996,79.84
5,991,1,1996,79.86
6,992,1,2002,79.51
7,993,1,1992,80.02
7,994,1,1994,79.94
7,995,1,1990,79.98
7,996,1,1992,80.03
7,997,1,1992,79.98
7,998,1,1994,79.95
7,999,1,1992,79.93
7,1000,1,1992,79.97
7,1001,1,1994,79.95
7,1002,1,1992,79.97
7,1003,1,1992,79.97
7,1004,1,1994,79.96
7,1005,1,1996,79.97
7,1006,1,1990,79.94
7,1007,1,1996,79.95
7,1008,1,1992,79.96
7,1009,1,1992,79.97
7,1010,1,1994,79.97
7,1011,1,1992,79.96
7,1012,1,1992,79.99
7,1013,1,1992,80.00
7,1014,1,1994,80.01
7,1015,1,1994,80.03
7,1016,1,1992,80.05
7,1017,1,1990,80.03
7,1018,1,1990,80.01
7,1019,1,1988,80.03
7,1020,1,1994,80.03
7,1021,1,1994,80.01
7,1022,1,1990,80.04
7,1023,1,1990,80.05
7,1024,1,1990,80.02
7,1025,1,1994,80.02
7,1026,1,1990,80.03
7,1027,1,1990,80.02
7,1028,1,1992,80.01
7,1029,1,1994,80.05
7,1030,1,1994,80.03
7,1031,1,1992,80.01
7,1032,1,1992,80.02
7,1033,1,1988,80.05
7,1034,1,1992,80.05
7,1035,1,1992,80.01
7,1036,1,1992,80.02
7,1037,1,1992,80.03
7,1038,1,1990,80.05
7,1039,1,1994,80.06
7,1040,1,1990,80.04
7,1041,1,1990,80.02
7,1042,1,1990,80.01
7,1043,1,1990,80.03
7,1044,1,1992,80.03
7,1045,1,1988,80.04
7,1046,1,1994,79.98
7,1047,1,1988,80.04
7,1048,1,1992,80.00
7,1049,1,1990,80.01
7,1050,1,1992,79.98
7,1051,1,1992,79.97
7,1052,1,1996,79.97
7,1053,1,1992,79.98
7,1054,1,1988,80.00
7,1055,1,1994,79.98
7,1056,1,1992,79.98
7,1057,1,1988,79.98
7,1058,1,1990,79.97
7,1059,1,1994,79.95
7,1060,1,1994,79.96
7,1061,1,1998,79.96
7,1062,1,1988,79.94
7,1063,1,1988,80.10
8,1064,1,1990,80.11
8,1065,1,1994,80.02
8,1066,1,1992,80.01
8,1067,1,1990,80.01
8,1068,1,1992,79.99
8,1069,1,1994,79.98
8,1070,1,1994,79.97
8,1071,1,1992,79.98
8,1072,1,1990,80.00
8,1073,1,1992,80.00
8,1074,1,1992,79.98
8,1075,1,1992,79.99
8,1076,1,1992,80.00
8,1077,1,1990,80.00
8,1078,1,1992,80.01
8,1079,1,1992,80.01
8,1080,1,1994,79.99
8,1081,1,1992,79.97
8,1082,1,1994,79.96
8,1083,1,1992,79.96
8,1084,1,1992,79.99
8,1085,1,1992,80.00
8,1086,1,1992,80.01
8,1087,1,1992,80.01
8,1088,1,1988,80.02
8,1089,1,1992,80.03
8,1090,1,1990,80.03
8,1091,1,1992,80.03
8,1092,1,1784,80.52
8,1093,1,1994,80.01
8,1094,1,1996,79.86
8,1095,1,1996,79.84
8,1096,1,1994,79.86
8,1097,1,1996,79.86
8,1098,1,1994,79.87
8,1099,1,1994,79.89
8,1100,1,1994,79.88
8,1101,1,1994,79.88
8,1102,1,1994,79.89
8,1103,1,1994,79.87
8,1104,1,1994,79.89
8,1105,1,1994,79.90
8,1106,1,1994,79.89
8,1107,1,1994,79.88
8,1108,1,1992,79.90
8,1109,1,1994,79.90
8,1110,1,1994,79.90
8,1111,1,1996,79.92
8,1112,1,1994,79.92
8,1113,1,1992,79.92
8,1114,1,1994,79.91
8,1115,1,1994,79.92
8,1116,1,1994,79.90
8,1117,1,1994,79.92
8,1118,1,1994,79.94
8,1119,1,1994,79.91
8,1120,1,1994,79.91
8,1121,1,1992,79.92
8,1122,1,1992,79.91
8,1123,1,1994,79.93
8,1124,1,1994,79.93
8,1125,1,1994,79.92
8,1126,1,1994,79.93
8,1127,1,1992,79.93
8,1128,1,1992,79.93
8,1129,1,1992,79.92
8,1130,1,1994,79.90
8,1131,1,1994,79.90
8,1132,1,1996,79.89
8,1133,1,1994,79.87
8,1134,1,1996,79.88
8,1135,1,1994,79.87
8,1136,1,1994,79.89
8,1137,1,1994,79.89
8,1138,1,1994,79.93
8,1139,1,1992,79.94
8,1140,1,1994,79.91
8,1141,1,1996,79.91
8,1142,1,1994,79.92
8,1143,1,1994,79.90
8,1144,1,1994,79.92
8,1145,1,1994,79.91
8,1146,1,1994,79.90
8,1147,1,1994,79.90
8,1148,1,1992,79.92
8,1149,1,1994,79.91
8,1150,1,1996,79.89
8,1151,1,1996,79.89
8,1152,1,1994,79.88
8,1153,1,1994,79.87
8,1154,1,1994,79.87
8,1155,1,1994,79.88
8,1156,1,1994,79.88
8,1157,1,1994,79.88
8,1158,1,1994,79.88
8,1159,1,1994,79.88
8,1160,1,1980,80.02
8,1161,1,1982,80.49
8,1162,1,1982,80.45
8,1163,1,1982,80.44
8,1164,1,1982,80.45
8,1165,1,1982,80.47
8,1166,1,1982,80.41
8,1167,1,1984,80.39
8,1168,1,1984,80.38
8,1169,1,1984,80.37
8,1170,1,1984,80.36
8,1171,1,1984,80.36
8,1172,1,1986,80.36
8,1173,1,1982,80.36
8,1174,1,1982,80.38
8,1175,1,1982,80.37
8,1176,1,1986,80.36
8,1177,1,1984,80.36
8,1178,1,1984,80.36
8,1179,1,1984,80.36
8,1180,1,1984,80.37
8,1181,1,1984,80.37
8,1182,1,1984,80.37
8,1183,1,1984,80.36
8,1184,1,1986,80.35
8,1185,1,1984,80.35
8,1186,1,1984,80.35
8,1187,1,1986,80.33
8,1188,1,1984,80.32
8,1189,1,1984,80.30
8,1190,1,1984,80.30
8,1191,1,1986,80.27
8,1192,1,1986,80.28
8,1193,1,1986,80.28
8,1194,1,1986,80.28
8,1195,1,1986,80.28
8,1196,1,1988,80.28
8,1197,1,1986,80.27
8,1198,1,1984,80.27
8,1199,1,1986,80.26
8,1200,1,1988,80.26
8,1201,1,1988,80.26
8,1202,1,1986,80.25
8,1203,1,1988,80.25
8,1204,1,1986,80.26
8,1205,1,1988,80.24
8,1206,1,1986,80.24
8,1207,1,1986,80.24
8,1208,1,1986,80.24
8,1209,1,1986,80.24
8,1210,1,1988,80.23
8,1211,1,1988,80.21
8,1212,1,1988,80.22
8,1213,1,1988,80.21
8,1214,1,1988,80.21
8,1215,1,1988,80.21
8,1216,1,1988,80.20
8,1217,1,1986,80.21
8,1218,1,1988,80.20
8,1219,1,1990,80.19
9,1220,1,1984,78.15
9,1221,1,1986,80.34
9,1222,1,1984,80.33
9,1223,1,1984,80.33
9,1224,1,1986,80.33
9,1225,1,1986,80.34
9,1226,1,1984,80.34
9,1227,1,1984,80.33
9,1228,1,1984,80.33
9,1229,1,1986,80.33
9,1230,1,1986,80.35
9,1231,1,1984,80.33
9,1232,1,1984,80.34
9,1233,1,1984,80.34
9,1234,1,1984,80.35
9,1235,1,1984,80.36
9,1236,1,1984,80.32
9,1237,1,1986,80.32
9,1238,1,1986,80.32
9,1239,1,1986,80.32
9,1240,1,1986,80.32
9,1241,1,1986,80.32
9,1242,1,1986,80.33
9,1243,1,1986,80.32
9,1244,1,1984,80.32
9,1245,1,1986,80.33
9,1246,1,1986,80.33
9,1247,1,1986,80.33
9,1248,1,1986,80.32
9,1249,1,1986,80.34
9,1250,1,1986,80.32
9,1251,1,1986,80.33
9,1252,1,1986,80.32
9,1253,1,1986,80.31
9,1254,1,1984,80.32
9,1255,1,1984,80.33
9,1256,1,1986,80.33
9,1257,1,1986,80.31
9,1258,1,1986,80.32
9,1259,1,1984,80.32
9,1260,1,1986,80.32
9,1261,1,1986,80.32
9,1262,1,1984,80.33
9,1263,1,1986,80.34
9,1264,1,1984,80.34
9,1265,1,1984,80.34
9,1266,1,1984,80.33
9,1267,1,1984,80.34
9,1268,1,1984,80.34
9,1269,1,1984,80.35
9,1270,1,1986,80.33
9,1271,1,1984,80.34
9,1272,1,1984,80.34
9,1273,1,1984,80.34
9,1274,1,1984,80.33
9,1275,1,1984,80.34
9,1276,1,1984,80.34
9,1277,1,1984,80.35
9,1278,1,1984,80.34
9,1279,1,1984,80.35
9,1280,1,1984,80.36
9,1281,1,1984,80.35
9,1282,1,1986,80.35
9,1283,1,1984,80.35
9,1284,1,1984,80.35
9,1285,1,1984,80.35
9,1286,1,1984,80.34
9,1287,1,1984,80.36
9,1288,1,1984,80.35
9,1289,1,1984,80.35
9,1290,1,1984,80.36
9,1291,1,1984,80.36
9,1292,1,1986,80.36
9,1293,1,1986,80.35
9,1294,1,1986,80.35
9,1295,1,1984,80.35
9,1296,1,1986,80.36
9,1297,1,1984,80.35
9,1298,1,1984,80.35
9,1299,1,1982,80.35
9,1300,1,1984,80.36
9,1301,1,1984,80.36
9,1302,1,1984,80.36
9,1303,1,1984,80.36
9,1304,1,1984,80.36
9,1305,1,1984,80.36
9,1306,1,1984,80.36
9,1307,1,1984,80.36
9,1308,1,1986,80.36
9,1309,1,1984,80.37
9,1310,1,1982,80.36
9,1311,1,1982,80.37
9,1312,1,1984,80.38
9,1313,1,1984,80.36
9,1314,1,1984,80.37
9,1315,1,1984,80.37
9,1316,1,1984,80.37
9,1317,1,1984,80.37
9,1318,1,1984,80.39
9,1319,1,1982,80.37
9,1320,1,1984,80.38
9,1321,1,1982,80.39
9,1322,1,1984,80.39
9,1323,1,1984,80.40
9,1324,1,1982,80.40
9,1325,1,1984,80.40
9,1326,1,1984,80.38
9,1327,1,1984,80.39
9,1328,1,1984,80.38
9,1329,1,1982,80.39
9,1330,1,1986,80.38
9,1331,1,1984,80.39
9,1332,1,1982,80.41
9,1333,1,1984,80.39
9,1334,1,1984,80.39
9,1335,1,1984,80.40
9,1336,1,1984,80.39
9,1337,1,1984,80.40
9,1338,1,1984,80.39
9,1339,1,1984,80.39
9,1340,1,1982,80.42
9,1341,1,1984,80.41
9,1342,1,1984,80.40
9,1343,1,1982,80.41
9,1344,1,1982,80.40
9,1345,1,1984,80.41
9,1346,1,1984,80.41
9,1347,1,1984,80.41
9,1348,1,1984,80.41
9,1349,1,1982,80.42
9,1350,1,1982,80.41
9,1351,1,1984,80.42
9,1352,1,1982,80.43
9,1353,1,1982,80.42
9,1354,1,1984,80.41
9,1355,1,1984,80.42
9,1356,1,1982,80.42
9,1357,1,1982,80.41
9,1358,1,1982,80.41
9,1359,1,1982,80.42
9,1360,1,1982,80.44
9,1361,1,1984,80.43
9,1362,1,1982,80.44
9,1363,1,1982,80.43
9,1364,1,1982,80.44
9,1365,1,1982,80.43
9,1366,1,1984,80.42
9,1367,1,1984,80.42
9,1368,1,1984,80.44
9,1369,1,1982,80.43
9,1370,1,1982,80.44
9,1371,1,1984,80.43
9,1372,1,1982,80.42
9,1373,1,1982,80.42
9,1374,1,1982,80.45
9,1375,1,1984,80.41
9,1376,1,1984,80.42
9,1377,1,1984,80.43
9,1378,1,1982,80.43
9,1379,1,1982,80.44
9,1380,1,1982,80.43
9,1381,1,1984,80.43
9,1382,1,1982,80.44
9,1383,1,1980,80.44
9,1384,1,1984,80.43
9,1385,1,1982,80.45
9,1386,1,1982,80.44
9,1387,1,1984,80.45
9,1388,1,1982,80.44
9,1389,1,1982,80.43
9,1390,1,1982,80.45
9,1391,1,1982,80.44
9,1392,1,1982,80.44
9,1393,1,1984,80.44
9,1394,1,1984,80.44
9,1395,1,1982,80.44
9,1396,1,1982,80.44
9,1397,1,1982,80.45
9,1398,1,1984,80.46
9,1399,1,1982,80.45
9,1400,1,1982,80.45
9,1401,1,1982,80.45
9,1402,1,1982,80.45
9,1403,1,1982,80.45
9,1404,1,1982,80.46
9,1405,1,1982,80.46
9,1406,1,1982,80.46
9,1407,1,1982,80.46
9,1408,1,1982,80.47
9,1409,1,1982,80.46
9,1410,1,1982,80.46
9,1411,1,1982,80.46
9,1412,1,1982,80.46
9,1413,1,1984,80.47
9,1414,1,1984,80.46
9,1415,1,1984,80.47
9,1416,1,1982,80.46
9,1417,1,1984,80.46
9,1418,1,1982,80.46
9,1419,1,1982,80.46
9,1420,1,1982,80.45
9,1421,1,1982,80.45
9,1422,1,1982,80.46
9,1423,1,1982,80.45
9,1424,1,1982,80.46
9,1425,1,1982,80.46
9,1426,1,1982,80.46
9,1427,1,1982,80.46
9,1428,1,1982,80.45
9,1429,1,1980,80.46
9,1430,1,1982,80.45
9,1431,1,1984,80.44
9,1432,1,1982,80.45
9,1433,1,1982,80.45
9,1434,1,1982,80.44
9,1435,1,1982,80.45
9,1436,1,1982,80.45
9,1437,1,1982,80.45
9,1438,1,1982,80.45
9,1439,1,1982,80.46
9,1440,1,1982,80.45
9,1441,1,1982,80.45
9,1442,1,1982,80.44
9,1443,1,1982,80.45
9,1444,1,1980,80.45
9,1445,1,1984,80.46
9,1446,1,1984,80.44
9,1447,1,1984,80.44
9,1448,1,1984,80.44
9,1449,1,1982,80.46
9,1450,1,1982,80.45
9,1451,1,1982,80.46
9,1452,1,1982,80.45
9,1453,1,1982,80.45
9,1454,1,1982,80.44
9,1455,1,1984,80.45
9,1456,1,1982,80.45
9,1457,1,1982,80.45
9,1458,1,1984,80.45
9,1459,1,1982,80.45
9,1460,1,1982,80.45
9,1461,1,1982,80.44
9,1462,1,1982,80.45
9,1463,1,1982,80.44
9,1464,1,1984,80.44
9,1465,1,1980,80.45
9,1466,1,1982,80.45
9,1467,1,1982,80.45
9,1468,1,1982,80.46
9,1469,1,1982,80.46
9,1470,1,1982,80.44
9,1471,1,1982,80.45
9,1472,1,1982,80.45
9,1473,1,1982,80.45
9,1474,1,1982,80.45
9,1475,1,1982,80.45
9,1476,1,1984,80.45
9,1477,1,1982,80.45
9,1478,1,1982,80.46
9,1479,1,1982,80.45
9,1480,1,1982,80.44
9,1481,1,1982,80.45
9,1482,1,1982,80.45
9,1483,1,1982,80.45
9,1484,1,1982,80.46
9,1485,1,1982,80.44
9,1486,1,1982,80.44
9,1487,1,1982,80.44
9,1488,1,1982,80.44
9,1489,1,1984,80.44
9,1490,1,1984,80.45
9,1491,1,1982,80.43
9,1492,1,1984,80.43
9,1493,1,1982,80.42
9,1494,1,1984,80.42
9,1495,1,1982,80.43
9,1496,1,1984,80.42
9,1497,1,1984,80.42
9,1498,1,1984,80.42
9,1499,1,1982,80.42
9,1500,1,1984,80.42
9,1501,1,1984,80.41
9,1502,1,1984,80.42
9,1503,1,1984,80.41
9,1504,1,1982,80.43
9,1505,1,1982,80.41
9,1506,1,1984,80.42
9,1507,1,1984,80.41
9,1508,1,1984,80.41
9,1509,1,1982,80.40
9,1510,1,1984,80.42
9,1511,1,1982,80.42
9,1512,1,1984,80.42
9,1513,1,1982,80.42
9,1514,1,1984,80.41
9,1515,1,1982,80.43
9,1516,1,1982,80.41
9,1517,1,1984,80.40
9,1518,1,1984,80.41
9,1519,1,1982,80.42
9,1520,1,1982,80.41
9,1521,1,1984,80.41
9,1522,1,1982,80.41
9,1523,1,1984,80.42
9,1524,1,1984,80.41
9,1525,1,1982,80.41
9,1526,1,1982,80.43
9,1527,1,1982,80.42
9,1528,1,1982,80.42
9,1529,1,1984,80.41
9,1530,1,1984,80.42
9,1531,1,1982,80.40
9,1532,1,1984,80.42
9,1533,1,1984,80.43
9,1534,1,1980,80.42
9,1535,1,1984,80.42
9,1536,1,1984,80.41
9,1537,1,1982,80.41
9,1538,1,1982,80.42
9,1539,1,1982,80.42
9,1540,1,1984,80.40
9,1541,1,1982,80.41
9,1542,1,1984,80.42
9,1543,1,1984,80.42
9,1544,1,1982,80.43
9,1545,1,1984,80.42
9,1546,1,1984,80.40
9,1547,1,1984,80.42
9,1548,1,1984,80.42
9,1549,1,1984,80.42
9,1550,1,1984,80.41
9,1551,1,1984,80.41
9,1552,1,1984,80.41
9,1553,1,1982,80.41
9,1554,1,1984,80.42
9,1555,1,1982,80.41
9,1556,1,1982,80.40
9,1557,1,1984,80.41
9,1558,1,1984,80.41
9,1559,1,1984,80.40
9,1560,1,1982,80.41
9,1561,1,1982,80.43
9,1562,1,1982,80.41
9,1563,1,1984,80.43
9,1564,1,1984,80.41
9,1565,1,1984,80.42
9,1566,1,1984,80.44
9,1567,1,1984,80.41
9,1568,1,1984,80.41
9,1569,1,1984,80.42
9,1570,1,1984,80.41
9,1571,1,1982,80.40
9,1572,1,1984,80.42
9,1573,1,1982,80.41
9,1574,1,1984,80.41
9,1575,1,1984,80.42
9,1576,1,1982,80.42
9,1577,1,1984,80.42
9,1578,1,1984,80.42
9,1579,1,1982,80.42
9,1580,1,1984,80.43
9,1581,1,1984,80.41
9,1582,1,1982,80.42
9,1583,1,1982,80.42
9,1584,1,1984,80.40
9,1585,1,1984,80.41
9,1586,1,1982,80.40
9,1587,1,1984,80.41
9,1588,1,1982,80.42
9,1589,1,1984,80.42
9,1590,1,1982,80.41
9,1591,1,1982,80.41
9,1592,1,1984,80.41
9,1593,1,1984,80.41
9,1594,1,1984,80.40
9,1595,1,1984,80.40
9,1596,1,1984,80.40
9,1597,1,1984,80.42
9,1598,1,1982,80.43
9,1599,1,1982,80.43
9,1600,1,1982,80.43
9,1601,1,1982,80.44
9,1602,1,1982,80.45
9,1603,1,1982,80.45
9,1604,1,1982,80.45
9,1605,1,1982,80.45
9,1606,1,1982,80.45
9,1607,1,1982,80.46
9,1608,1,1982,80.49
9,1609,1,1980,80.49
9,1610,1,1982,80.49
9,1611,1,1982,80.47
9,1612,1,1982,80.48
9,1613,1,1980,80.49
9,1614,1,1980,80.49
9,1615,1,1982,80.49
9,1616,1,1980,80.48
9,1617,1,1982,80.47
9,1618,1,1982,80.46
9,1619,1,1982,80.45
9,1620,1,1984,80.44
9,1621,1,1982,80.42
9,1622,1,1984,80.40
9,1623,1,1984,80.42
9,1624,1,1984,80.42
9,1625,1,1984,80.41
9,1626,1,1984,80.42
9,1627,1,1984,80.44
9,1628,1,1982,80.44
9,1629,1,1982,80.42
9,1630,1,1982,80.40
9,1631,1,1982,80.41
9,1632,1,1984,80.41
9,1633,1,1984,80.41
9,1634,1,1984,80.42
9,1635,1,1984,80.40
9,1636,1,1982,80.40
9,1637,1,1984,80.42
9,1638,1,1984,80.41
9,1639,1,1982,80.43
9,1640,1,1982,80.41
9,1641,1,1984,80.42
9,1642,1,1984,80.42
9,1643,1,1982,80.41
9,1644,1,1982,80.41
9,1645,1,1984,80.41
9,1646,1,1982,80.42
9,1647,1,1984,80.42
9,1648,1,1982,80.43
9,1649,1,1984,80.44
9,1650,1,1982,80.47
9,1651,1,1982,80.50
9,1652,1,1980,80.51
9,1653,1,1980,80.50
9,1654,1,1982,80.50
9,1655,1,1980,80.50
9,1656,1,1980,80.50
9,1657,1,1980,80.49
9,1658,1,1982,80.48
9,1659,1,1982,80.49
9,1660,1,1982,80.50
9,1661,1,1982,80.50
9,1662,1,1982,80.49
9,1663,1,1982,80.49
9,1664,1,1982,80.49
9,1665,1,1980,80.49
9,1666,1,1980,80.51
9,1667,1,1980,80.49
9,1668,1,1980,80.49
9,1669,1,1982,80.47
9,1670,1,1980,80.50
9,1671,1,1982,80.49
9,1672,1,1980,80.50
9,1673,1,1980,80.49
9,1674,1,1982,80.48
9,1675,1,1982,80.47
9,1676,1,1982,80.49
9,1677,1,1982,80.49
9,1678,1,1982,80.48
9,1679,1,1982,80.47
9,1680,1,1980,80.49
9,1681,1,1980,80.50
9,1682,1,1982,80.47
9,1683,1,1980,80.48
9,1684,1,1982,80.49
9,1685,1,1980,80.48
9,1686,1,1982,80.50
9,1687,1,1980,80.49
9,1688,1,1982,80.50
9,1689,1,1980,80.49
9,1690,1,1982,80.50
9,1691,1,1982,80.49
9,1692,1,1982,80.48
9,1693,1,1980,80.49
9,1694,1,1984,80.48
9,1695,1,1982,80.46
9,1696,1,1984,80.47
9,1697,1,1982,80.47
9,1698,1,1982,80.46
9,1699,1,1982,80.46
9,1700,1,1982,80.45
9,1701,1,1982,80.45
9,1702,1,1982,80.47
9,1703,1,1984,80.48
9,1704,1,1982,80.49
9,1705,1,1982,80.46
9,1706,1,1982,80.45
9,1707,1,1982,80.48
9,1708,1,1982,80.47
9,1709,1,1980,80.47
9,1710,1,1982,80.47
9,1711,1,1984,80.48
9,1712,1,1982,80.46
9,1713,1,1980,80.47
9,1714,1,1982,80.46
9,1715,1,1984,80.47
9,1716,1,1982,80.45
9,1717,1,1984,80.43
9,1718,1,1984,80.41
9,1719,1,1982,80.42
9,1720,1,1984,80.42
9,1721,1,1984,80.44
9,1722,1,1982,80.43
9,1723,1,1984,80.44
9,1724,1,1982,80.42
9,1725,1,1982,80.43
9,1726,1,1982,80.45
9,1727,1,1982,80.47
9,1728,1,1980,80.48
9,1729,1,1980,80.47
9,1730,1,1982,80.47
9,1731,1,1984,80.46
9,1732,1,1982,80.46
9,1733,1,1982,80.47
9,1734,1,1982,80.48
9,1735,1,1980,80.48
9,1736,1,1982,80.48
9,1737,1,1982,80.48
9,1738,1,1982,80.51
9,1739,1,1980,80.49
9,1740,1,1980,80.50
9,1741,1,1982,80.51
9,1742,1,1982,80.50
9,1743,1,1982,80.48
9,1744,1,1982,80.50
9,1745,1,1980,80.50
9,1746,1,1980,80.51
9,1747,1,1978,80.52
9,1748,1,1980,80.52
9,1749,1,1982,80.53
9,1750,1,1980,80.52
9,1751,1,1980,80.52
9,1752,1,1982,80.53
9,1753,1,1980,80.53
9,1754,1,1980,80.53
9,1755,1,1980,80.54
9,1756,1,1982,80.53
9,1757,1,1980,80.53
9,1758,1,1980,80.54
9,1759,1,1980,80.54
9,1760,1,1980,80.54
9,1761,1,1982,80.51
9,1762,1,1980,80.52
9,1763,1,1980,80.52
9,1764,1,1980,80.52
9,1765,1,1980,80.53
9,1766,1,1982,80.52
9,1767,1,1980,80.53
9,1768,1,1980,80.53
9,1769,1,1980,80.53
9,1770,1,1980,80.51
9,1771,1,1982,80.51
9,1772,1,1980,80.52
9,1773,1,1980,80.52
9,1774,1,1980,80.51
9,1775,1,1980,80.50
9,1776,1,1980,80.52
9,1777,1,1980,80.52
9,1778,1,1982,80.51
9,1779,1,1980,80.51
9,1780,1,1982,80.52
9,1781,1,1980,80.51
9,1782,1,1980,80.51
9,1783,1,1980,80.51
9,1784,1,1982,80.49
9,1785,1,1980,80.50
9,1786,1,1980,80.51
9,1787,1,1982,80.50
9,1788,1,1982,80.48
9,1789,1,1982,80.48
9,1790,1,1980,80.51
9,1791,1,1980,80.51
9,1792,1,1980,80.49
9,1793,1,1984,80.49
9,1794,1,1982,80.50
9,1795,1,1982,80.47
9,1796,1,1982,80.49
9,1797,1,1982,80.48
9,1798,1,1982,80.48
9,1799,1,1982,80.48
9,1800,1,1980,80.47
9,1801,1,1980,80.48
9,1802,1,1982,80.49
9,1803,1,1982,80.49
9,1804,1,1980,80.54
9,1805,1,1980,80.54
9,1806,1,1980,80.54
9,1807,1,1980,80.54
9,1808,1,1982,80.54
9,1809,1,1980,80.55
9,1810,1,1978,80.55
9,1811,1,1980,80.57
9,1812,1,1980,80.56
9,1813,1,1980,80.56
9,1814,1,1980,80.55
9,1815,1,1980,80.55
9,1816,1,1980,80.56
9,1817,1,1980,80.55
9,1818,1,1978,80.56
9,1819,1,1980,80.56
9,1820,1,1980,80.56
9,1821,1,1980,80.55
9,1822,1,1980,80.56
9,1823,1,1980,80.56
9,1824,1,1980,80.55
9,1825,1,1980,80.53
9,1826,1,1978,80.55
9,1827,1,1980,80.53
9,1828,1,1980,80.53
9,1829,1,1980,80.55
9,1830,1,1980,80.55
9,1831,1,1980,80.54
9,1832,1,1980,80.54
9,1833,1,1980,80.55
9,1834,1,1980,80.55
9,1835,1,1980,80.55
9,1836,1,1980,80.55
9,1837,1,1980,80.57
9,1838,1,1980,80.57
9,1839,1,1980,80.55
9,1840,1,1978,80.57
9,1841,1,1980,80.55
9,1842,1,1978,80.54
9,1843,1,1980,80.53
9,1844,1,1980,80.55
9,1845,1,1982,80.54
9,1846,1,1980,80.54
9,1847,1,1980,80.55
9,1848,1,1980,80.55
9,1849,1,1980,80.55
9,1850,1,1980,80.54
9,1851,1,1980,80.55
9,1852,1,1982,80.55
9,1853,1,1980,80.56
9,1854,1,1978,80.57
9,1855,1,1980,80.56
9,1856,1,1980,80.56
9,1857,1,1980,80.58
9,1858,1,1980,80.58
9,1859,1,1980,80.57
9,1860,1,1980,80.57
9,1861,1,1980,80.56
9,1862,1,1978,80.57
9,1863,1,1978,80.57
9,1864,1,1980,80.56
9,1865,1,1978,80.56
9,1866,1,1980,80.56
9,1867,1,1978,80.57
9,1868,1,1980,80.56
9,1869,1,1980,80.55
9,1870,1,1978,80.56
9,1871,1,1978,80.55
9,1872,1,1978,80.57
9,1873,1,1978,80.57
9,1874,1,1980,80.58
9,1875,1,1980,80.58
9,1876,1,1980,80.56
9,1877,1,1980,80.57
9,1878,1,1978,80.58
9,1879,1,1980,80.58
9,1880,1,1980,80.59
9,1881,1,1980,80.60
9,1882,1,1980,80.57
9,1883,1,1980,80.57
9,1884,1,1980,80.57
9,1885,1,1980,80.58
9,1886,1,1980,80.58
9,1887,1,1980,80.57
9,1888,1,1980,80.57
9,1889,1,1980,80.56
9,1890,1,1982,80.56
9,1891,1,1980,80.54
9,1892,1,1982,80.53
9,1893,1,1980,80.56
9,1894,1,1980,80.56
9,1895,1,1980,80.59
9,1896,1,1980,80.58
9,1897,1,1980,80.57
9,1898,1,1980,80.56
9,1899,1,1978,80.57
9,1900,1,1980,80.58
9,1901,1,1980,80.59
9,1902,1,1980,80.58
9,1903,1,1980,80.58
9,1904,1,1980,80.57
9,1905,1,1980,80.60
9,1906,1,1978,80.60
9,1907,1,1978,80.61
9,1908,1,1978,80.61
9,1909,1,1980,80.61
9,1910,1,1980,80.62
9,1911,1,1980,80.63
9,1912,1,1978,80.62
9,1913,1,1980,80.63
9,1914,1,1978,80.62
9,1915,1,1980,80.61
9,1916,1,1978,80.59
9,1917,1,1978,80.62
9,1918,1,1978,80.63
9,1919,1,1980,80.60
9,1920,1,1982,80.60
9,1921,1,1980,80.56
9,1922,1,1978,80.60
9,1923,1,1978,80.61
9,1924,1,1978,80.60
9,1925,1,1980,80.60
9,1926,1,1980,80.61
9,1927,1,1980,80.59
9,1928,1,1980,80.58
9,1929,1,1980,80.59
9,1930,1,1980,80.58
9,1931,1,1978,80.58
9,1932,1,1980,80.60
9,1933,1,1980,80.59
9,1934,1,1978,80.59
9,1935,1,1978,80.60
9,1936,1,1980,80.60
9,1937,1,1978,80.62
9,1938,1,1978,80.59
9,1939,1,1978,80.61
9,1940,1,1980,80.60
9,1941,1,1978,80.61
9,1942,1,1980,80.60
9,1943,1,1980,80.60
9,1944,1,1980,80.61
9,1945,1,1978,80.64
9,1946,1,1978,80.65
9,1947,1,1978,80.66
9,1948,1,1978,80.66
9,1949,1,1978,80.67
9,1950,1,1976,80.67
9,1951,1,1976,80.68
9,1952,1,1978,80.68
9,1953,1,1978,80.68
9,1954,1,1978,80.70
9,1955,1,1976,80.69
9,1956,1,1978,80.71
9,1957,1,1976,80.72
9,1958,1,1978,80.70
9,1959,1,1976,80.71
9,1960,1,1978,80.71
9,1961,1,1976,80.71
9,1962,1,1978,80.72
9,1963,1,1976,80.70
9,1964,1,1974,80.71
9,1965,1,1976,80.73
9,1966,1,1976,80.77
9,1967,1,1974,80.78
9,1968,1,1974,80.80
9,1969,1,1974,80.80
9,1970,1,1976,80.78
9,1971,1,1976,80.75
9,1972,1,1976,80.75
9,1973,1,1976,80.75
9,1974,1,1976,80.74
9,1975,1,1976,80.73
9,1976,1,1976,80.72
9,1977,1,1976,80.72
9,1978,1,1976,80.74
9,1979,1,1976,80.74
9,1980,1,1976,80.75
9,1981,1,1976,80.76
9,1982,1,1972,80.84
9,1983,1,1972,80.87
9,1984,1,1972,80.92
9,1985,1,1970,80.96
9,1986,1,1970,80.98
9,1987,1,1968,81.01
9,1988,1,1970,81.05
9,1989,1,1968,81.07
9,1990,1,1968,81.09
9,1991,1,1970,81.11
9,1992,1,1968,81.12
9,1993,1,1966,81.15
9,1994,1,1968,81.12
9,1995,1,1966,81.15
9,1996,1,1966,81.21
9,1997,1,1966,81.21
9,1998,1,1964,81.23
9,1999,1,1966,81.26
9,2000,1,1962,81.31
9,2001,1,1946,82.17
9,2002,1,1962,81.88
9,2003,1,1948,81.57
9,2004,1,1956,82.22
9,2005,1,1964,81.47
9,2006,1,1966,81.28
9,2007,1,1968,81.17
9,2008,1,1972,81.04
9,2009,1,1970,80.98
9,2010,1,1972,80.92
9,2011,1,1972,80.92
9,2012,1,1970,81.00
9,2013,1,1970,81.07
9,2014,1,1968,81.15
9,2015,1,1966,81.21
9,2016,1,1966,81.21
9,2017,1,1966,81.22
9,2018,1,1964,81.29
9,2019,1,1964,81.46
9,2020,1,1962,81.33
9,2021,1,1964,81.28
9,2022,1,1964,81.58
9,2023,1,1966,81.33
9,2024,1,1958,81.37
9,2025,1,1962,81.43
9,2026,1,1962,81.66
9,2027,1,1960,81.42
9,2028,1,1948,81.93
9,2029,1,1950,81.81
9,2030,1,1960,81.52
9,2031,1,1952,81.76
9,2032,1,1950,81.87
9,2033,1,1960,81.82
9,2034,1,1962,81.48
9,2035,1,1960,81.52
9,2036,1,1958,81.46
9,2037,1,1958,81.57
9,2038,1,1944,81.76
9,2039,1,1960,82.07
9,2040,1,1966,81.22
9,2041,1,1968,81.17
9,2042,1,1966,81.22
9,2043,1,1966,81.22
9,2044,1,1966,81.18
9,2045,1,1970,81.14
9,2046,1,1970,81.04
9,2047,1,1972,81.03
9,2048,1,1970,81.03
9,2049,1,1968,81.05
9,2050,1,1970,81.04
9,2051,1,1968,81.05
9,2052,1,1970,81.04
9,2053,1,1970,81.04
9,2054,1,1970,81.08
9,2055,1,1970,81.08
9,2056,1,1970,81.05
9,2057,1,1972,81.01
9,2058,1,1972,80.97
9,2059,1,1974,80.89
9,2060,1,1976,80.85
9,2061,1,1976,80.83
9,2062,1,1974,80.83
9,2063,1,1974,80.82
9,2064,1,1974,80.84
9,2065,1,1974,80.82
9,2066,1,1976,80.81
9,2067,1,1974,80.81
9,2068,1,1974,80.81
9,2069,1,1974,80.81
9,2070,1,1974,80.82
9,2071,1,1974,80.84
9,2072,1,1974,80.83
9,2073,1,1974,80.84
9,2074,1,1972,80.89
9,2075,1,1972,80.91
9,2076,1,1974,80.90
9,2077,1,1976,80.85
9,2078,1,1974,80.80
9,2079,1,1976,80.79
9,2080,1,1974,80.81
9,2081,1,1974,80.83
9,2082,1,1974,80.87
9,2083,1,1974,80.91
9,2084,1,1970,80.95
9,2085,1,1970,81.01
9,2086,1,1970,81.05
9,2087,1,1968,81.05
9,2088,1,1970,81.04
9,2089,1,1970,80.98
9,2090,1,1972,80.96
9,2091,1,1970,81.00
9,2092,1,1968,81.07
9,2093,1,1968,81.13
9,2094,1,1964,81.17
9,2095,1,1966,81.21
9,2096,1,1966,81.24
9,2097,1,1964,81.26
9,2098,1,1964,81.27
9,2099,1,1966,81.26
9,2100,1,1974,80.96
9,2101,1,1974,80.79
9,2102,1,1974,80.83
9,2103,1,1974,80.83
9,2104,1,1972,80.85
9,2105,1,1974,80.87
9,2106,1,1972,80.88
9,2107,1,1972,80.92
9,2108,1,1976,80.90
9,2109,1,1974,80.86
9,2110,1,1972,80.90
9,2111,1,1972,80.94
9,2112,1,1970,80.92
9,2113,1,1972,80.94
9,2114,1,1972,80.96
9,2115,1,1972,80.95
9,2116,1,1970,80.95
9,2117,1,1970,81.00
9,2118,1,1970,80.98
9,2119,1,1970,81.01
9,2120,1,1968,81.01
9,2121,1,1970,81.03
9,2122,1,1970,81.01
9,2123,1,1970,81.02
9,2124,1,1970,81.04
9,2125,1,1970,81.04
9,2126,1,1968,81.08
9,2127,1,1968,81.08
9,2128,1,1970,81.06
9,2129,1,1970,81.06
9,2130,1,1970,81.07
9,2131,1,1970,81.10
9,2132,1,1968,81.08
9,2133,1,1968,81.11
9,2134,1,1968,81.21
9,2135,1,1970,81.09
9,2136,1,1970,81.08
9,2137,1,1968,81.08
9,2138,1,1968,81.09
9,2139,1,1966,81.13
9,2140,1,1968,81.31
9,2141,1,1968,81.10
9,2142,1,1970,81.07
9,2143,1,1968,81.11
9,2144,1,1968,81.11
9,2145,1,1968,81.11
9,2146,1,1966,81.14
9,2147,1,1966,81.18
9,2148,1,1960,81.44
9,2149,1,1968,81.28
9,2150,1,1966,81.23
9,2151,1,1964,81.27
9,2152,1,1962,81.43
9,2153,1,1960,81.50
9,2154,1,1962,81.43
9,2155,1,1966,81.32
9,2156,1,1966,81.26
9,2157,1,1966,81.24
9,2158,1,1962,81.36
9,2159,1,1960,81.57
9,2160,1,1972,81.20
9,2161,1,1956,81.33
9,2162,1,1958,81.56
9,2163,1,1960,81.64
9,2164,1,1956,81.64
9,2165,1,1958,81.66
9,2166,1,1968,81.19
9,2167,1,1972,81.13
9,2168,1,1968,81.02
9,2169,1,1970,81.65
9,2170,1,1974,80.91
9,2171,1,1972,80.83
9,2172,1,1972,80.87
9,2173,1,1958,81.41
9,2174,1,1962,81.50
9,2175,1,1950,81.24
9,2176,1,1976,80.97
9,2177,1,1972,80.81
9,2178,1,1976,80.78
9,2179,1,1978,80.76
9,2180,1,1974,80.79
9,2181,1,1976,80.79
9,2182,1,1976,80.84
9,2183,1,1976,80.88
9,2184,1,1974,80.97
9,2185,1,1978,80.71
9,2186,1,1978,80.71
9,2187,1,1978,80.69
9,2188,1,1978,80.71
9,2189,1,1978,80.71
9,2190,1,1976,80.70
9,2191,1,1978,80.68
9,2192,1,1976,80.66
9,2193,1,1978,80.65
9,2194,1,1976,80.70
9,2195,1,1976,80.76
9,2196,1,1974,80.78
9,2197,1,1974,80.82
9,2198,1,1976,80.82
9,2199,1,1974,80.80
9,2200,1,1968,80.97
9,2201,1,1978,80.76
9,2202,1,1978,80.66
9,2203,1,1978,80.61
9,2204,1,1978,80.67
9,2205,1,1976,80.70
9,2206,1,1976,80.68
9,2207,1,1974,80.71
9,2208,1,1974,80.76
9,2209,1,1976,80.73
9,2210,1,1978,80.69
9,2211,1,1972,80.77
9,2212,1,1974,80.86
9,2213,1,1976,80.79
9,2214,1,1980,80.67
9,2215,1,1978,80.61
9,2216,1,1978,80.60
9,2217,1,1978,80.59
9,2218,1,1980,80.59
9,2219,1,1980,80.57
9,2220,1,1980,80.56
9,2221,1,1982,80.54
9,2222,1,1980,80.48
9,2223,1,1980,80.51
9,2224,1,1980,80.59
9,2225,1,1980,80.57
9,2226,1,1980,80.56
9,2227,1,1976,80.65
9,2228,1,1976,80.73
9,2229,1,1970,80.89
9,2230,1,1978,80.81
9,2231,1,1978,80.61
9,2232,1,1980,80.57
9,2233,1,1980,80.58
9,2234,1,1980,80.60
9,2235,1,1978,80.61
9,2236,1,1976,80.69
9,2237,1,1978,80.97
9,2238,1,1978,80.64
9,2239,1,1980,80.62
9,2240,1,1980,80.60
9,2241,1,1974,80.59
9,2242,1,1980,80.69
9,2243,1,1972,80.67
9,2244,1,1980,80.67
9,2245,1,1980,80.53
9,2246,1,1976,80.61
9,2247,1,1974,80.99
9,2248,1,1978,80.68
9,2249,1,1980,80.65
9,2250,1,1978,80.61
9,2251,1,1980,80.58
9,2252,1,1982,80.56
9,2253,1,1982,80.51
9,2254,1,1982,80.49
9,2255,1,1982,80.49
9,2256,1,1978,80.53
9,2257,1,1980,80.57
9,2258,1,1980,80.56
9,2259,1,1980,80.54
9,2260,1,1982,80.52
9,2261,1,1980,80.53
9,2262,1,1982,80.52
9,2263,1,1980,80.56
9,2264,1,1982,80.55
9,2265,1,1980,80.57
9,2266,1,1978,80.57
9,2267,1,1980,80.56
9,2268,1,1978,80.57
9,2269,1,1978,80.58
9,2270,1,1978,80.64
9,2271,1,1978,80.64
9,2272,1,1978,80.62
9,2273,1,1978,80.61
9,2274,1,1980,80.64
9,2275,1,1978,80.66
9,2276,1,1980,80.64
9,2277,1,1980,80.58
9,2278,1,1980,80.55
9,2279,1,1980,80.55
9,2280,1,1980,80.54
9,2281,1,1980,80.54
9,2282,1,1982,80.53
9,2283,1,1982,80.53
9,2284,1,1978,80.49
9,2285,1,1980,80.60
9,2286,1,1982,80.51
9,2287,1,1982,80.50
9,2288,1,1982,80.50
9,2289,1,1982,80.53
9,2290,1,1980,80.52
9,2291,1,1982,80.53
9,2292,1,1980,80.52
9,2293,1,1980,80.52
9,2294,1,1980,80.53
9,2295,1,1980,80.53
9,2296,1,1980,80.54
9,2297,1,1982,80.54
9,2298,1,1982,80.53
9,2299,1,1980,80.52
9,2300,1,1980,80.53
9,2301,1,1980,80.52
9,2302,1,1980,80.51
9,2303,1,1980,80.51
9,2304,1,1982,80.48
9,2305,1,1982,80.51
9,2306,1,1980,80.50
9,2307,1,1980,80.52
9,2308,1,1980,80.55
9,2309,1,1980,80.52
9,2310,1,1980,80.51
9,2311,1,1982,80.50
9,2312,1,1980,80.47
9,2313,1,1982,80.45
9,2314,1,1982,80.43
9,2315,1,1984,80.45
9,2316,1,1982,80.43
9,2317,1,1982,80.46
9,2318,1,1992,80.33
9,2319,1,1992,80.03
9,2320,1,1992,80.04
9,2321,1,1990,80.06
9,2322,1,1988,80.12
9,2323,1,1990,80.11
9,2324,1,1990,80.12
9,2325,1,1986,80.16
9,2326,1,1988,80.20
9,2327,1,1986,80.18
9,2328,1,1990,80.20
9,2329,1,1988,80.18
9,2330,1,1988,80.17
9,2331,1,1990,80.12
9,2332,1,1990,80.11
9,2333,1,1988,80.13
9,2334,1,1990,80.12
9,2335,1,1984,80.15
9,2336,1,1990,80.16
9,2337,1,1992,80.03
9,2338,1,1990,80.00
9,2339,1,1992,80.03
9,2340,1,1992,80.00
9,2341,1,1992,79.99
9,2342,1,1992,80.01
9,2343,1,1990,80.00
9,2344,1,1992,79.98
9,2345,1,1994,79.98
9,2346,1,1994,79.93
9,2347,1,1994,79.94
9,2348,1,1994,79.95
9,2349,1,1994,79.94
9,2350,1,1994,79.93
9,2351,1,1994,79.94
9,2352,1,1994,79.94
9,2353,1,1994,79.94
9,2354,1,1996,79.93
9,2355,1,1992,79.96
9,2356,1,1992,79.98
9,2357,1,1994,80.01
9,2358,1,1994,80.01
9,2359,1,1992,80.01
9,2360,1,1992,80.00
9,2361,1,1992,79.98
9,2362,1,1994,79.97
9,2363,1,1994,79.94
9,2364,1,1990,79.95
9,2365,1,1994,79.93
9,2366,1,1994,79.92
9,2367,1,1992,79.96
9,2368,1,1994,79.96
9,2369,1,1996,79.96
9,2370,1,1992,79.95
9,2371,1,1992,79.96
9,2372,1,1994,79.95
9,2373,1,1994,79.94
9,2374,1,1994,79.92
9,2375,1,1994,79.94
9,2376,1,1994,79.93
9,2377,1,1994,79.96
9,2378,1,1990,79.98
9,2379,1,1992,79.97
9,2380,1,1990,79.99
9,2381,1,1992,79.99
9,2382,1,1992,79.98
9,2383,1,1992,79.97
9,2384,1,1992,79.96
9,2385,1,1990,79.96
9,2386,1,1992,79.96
9,2387,1,1992,79.97
9,2388,1,1992,79.97
9,2389,1,1992,79.98
9,2390,1,1994,79.95
9,2391,1,1992,79.97
9,2392,1,1992,79.94
9,2393,1,1994,79.98
9,2394,1,1994,79.92
9,2395,1,1996,79.91
9,2396,1,1992,79.88
9,2397,1,1998,79.86
9,2398,1,1996,79.86
9,2399,1,1994,79.89
9,2400,1,1994,79.92
10,2401,1,2024,78.55
10,2402,1,2024,78.58
10,2403,1,2024,78.46
10,2404,1,2022,78.49
10,2405,1,2020,78.23
10,2406,1,2022,78.64
10,2407,1,2020,78.70
11,2408,1,1998,79.73
11,2409,1,2000,79.75
11,2410,1,2004,76.68
11,2411,1,1994,79.72
11,2412,1,2020,79.60
11,2413,1,2020,78.66
11,2414,1,2020,78.66
11,2415,1,2022,78.66
11,2416,1,1996,79.70
11,2417,1,1996,79.85
11,2418,1,1996,79.89
11,2419,1,1996,79.88
12,2420,1,1998,79.77
13,2421,1,2000,79.69
13,2422,1,2002,79.56
13,2423,1,2002,79.58
13,2424,1,1994,79.57
13,2425,1,2004,79.56
13,2426,1,2002,79.57
13,2427,1,2000,79.60
13,2428,1,1998,79.69
13,2429,1,1996,79.71
14,2430,1,1998,79.58
14,2431,1,2002,78.43
14,2432,1,2000,79.68
14,2433,1,1996,79.74
14,2434,1,1998,79.70
14,2435,1,1998,79.72
14,2436,1,2000,79.66
14,2437,1,1998,79.60
14,2438,1,2002,79.65
14,2439,1,1996,79.65
14,2440,1,2000,79.67
14,2441,1,2000,79.60
14,2442,1,2000,79.57
14,2443,1,2002,79.56
14,2444,1,2002,79.60
14,2445,1,2002,79.61
14,2446,1,2002,79.60
14,2447,1,2000,79.65
14,2448,1,2002,79.66
14,2449,1,2000,79.65
14,2450,1,1998,79.61
14,2451,1,2002,79.72
14,2452,1,1996,79.72
14,2453,1,2002,79.72
14,2454,1,2002,79.63
14,2455,1,1998,79.59
14,2456,1,2000,79.58
14,2457,1,2002,79.56
14,2458,1,2000,79.59
14,2459,1,2000,79.57
14,2460,1,2002,79.53
14,2461,1,2002,79.53
14,2462,1,2004,79.55
14,2463,1,2000,79.56
14,2464,1,1998,79.58
14,2465,1,2004,79.57
14,2466,1,1998,79.63
14,2467,1,2000,79.63
14,2468,1,2002,79.62
14,2469,1,2000,79.65
14,2470,1,2000,79.62
14,2471,1,2000,79.60
14,2472,1,2002,79.57
14,2473,1,2002,79.53
14,2474,1,2002,79.51
14,2475,1,2002,79.50
14,2476,1,2002,79.51
14,2477,1,2002,79.52
14,2478,1,2002,79.51
14,2479,1,2002,79.49
14,2480,1,2004,79.51
14,2481,1,2006,79.52
14,2482,1,1998,79.51
14,2483,1,2006,79.55
14,2484,1,2000,79.55
14,2485,1,2002,79.56
14,2486,1,2000,79.53
14,2487,1,2000,79.56
14,2488,1,2002,79.56
14,2489,1,2004,79.54
14,2490,1,2000,79.54
14,2491,1,2000,79.55
14,2492,1,2002,79.50
14,2493,1,2006,79.44
14,2494,1,2002,79.47
14,2495,1,2000,79.46
14,2496,1,2000,79.49
14,2497,1,2002,79.49
14,2498,1,2002,79.55
14,2499,1,2002,79.62
14,2500,1,2002,79.53
14,2501,1,2002,79.54
14,2502,1,2002,79.56
14,2503,1,2002,79.56
14,2504,1,2000,79.58
14,2505,1,2002,79.53
14,2506,1,2002,79.51
14,2507,1,2004,79.53
14,2508,1,2002,79.53
14,2509,1,2002,79.51
14,2510,1,2006,79.48
14,2511,1,2004,79.45
14,2512,1,2002,79.47
14,2513,1,2006,79.46
14,2514,1,2002,79.48
14,2515,1,2002,79.47
14,2516,1,2004,79.51
14,2517,1,2000,79.47
14,2518,1,2006,79.48
14,2519,1,2002,79.47
14,2520,1,2004,79.50
14,2521,1,2002,79.51
14,2522,1,2004,79.51
14,2523,1,2002,79.49
14,2524,1,2004,79.47
14,2525,1,2000,79.50
14,2526,1,2004,79.48
14,2527,1,2002,79.48
14,2528,1,2006,79.46
14,2529,1,2004,79.46
14,2530,1,2004,79.45
14,2531,1,2004,79.47
14,2532,1,2008,79.47
14,2533,1,2002,79.45
14,2534,1,2004,79.44
14,2535,1,2004,79.44
14,2536,1,2004,79.43
14,2537,1,2008,79.42
14,2538,1,2004,79.42
14,2539,1,2004,79.40
14,2540,1,2006,79.42
14,2541,1,2002,79.41
14,2542,1,2002,79.43
14,2543,1,2008,79.38
14,2544,1,2008,79.35
14,2545,1,2006,79.36
14,2546,1,2004,79.35
14,2547,1,2002,79.38
14,2548,1,2008,79.37
14,2549,1,2004,79.37
14,2550,1,2006,79.37
14,2551,1,2006,79.34
14,2552,1,2004,79.36
14,2553,1,2006,79.36
14,2554,1,2028,79.04
15,2555,1,2002,79.49
15,2556,1,2002,79.48
15,2557,1,2002,79.49
15,2558,1,2004,79.51
15,2559,1,2002,79.50
15,2560,1,2002,79.53
15,2561,1,2002,79.55
15,2562,1,2000,79.61
15,2563,1,2000,79.62
15,2564,1,2000,79.62
15,2565,1,2002,79.57
15,2566,1,2002,79.56
15,2567,1,2002,79.56
15,2568,1,2002,79.56
15,2569,1,1998,79.55
15,2570,1,2002,79.53
15,2571,1,2002,79.59
15,2572,1,2000,79.60
15,2573,1,2002,79.59
15,2574,1,2004,79.59
15,2575,1,2002,79.57
15,2576,1,2004,79.52
15,2577,1,2000,79.51
15,2578,1,2002,79.53
15,2579,1,2002,79.53
15,2580,1,2002,79.56
15,2581,1,2002,79.54
15,2582,1,2002,79.56
15,2583,1,2004,79.54
15,2584,1,2004,79.49
15,2585,1,2002,79.50
15,2586,1,2002,79.48
15,2587,1,2004,79.50
16,2588,1,2026,78.41
16,2589,1,2026,78.35
16,2590,1,2026,78.35
16,2591,1,2026,78.34
16,2592,1,2026,78.36
16,2593,1,2028,78.37
16,2594,1,2026,78.37
16,2595,1,2028,78.35
16,2596,1,2028,78.32
16,2597,1,2028,78.30
16,2598,1,2026,78.31
16,2599,1,2026,78.32
16,2600,1,2026,78.34
16,2601,1,2026,78.31
16,2602,1,2028,78.32
16,2603,1,2028,78.30
16,2604,1,2028,78.30
16,2605,1,2028,78.31
16,2606,1,2026,78.34
16,2607,1,2028,78.33
16,2608,1,2026,78.31
16,2609,1,2028,78.32
16,2610,1,2028,78.32
16,2611,1,2028,78.30
16,2612,1,2028,78.30
16,2613,1,2028,78.31
16,2614,1,2028,78.30
16,2615,1,2028,78.29
16,2616,1,2028,78.29
16,2617,1,2028,78.29
16,2618,1,2028,78.30
16,2619,1,2028,78.30
16,2620,1,2028,78.30
16,2621,1,2028,78.30
16,2622,1,2028,78.29
16,2623,1,2028,78.28
16,2624,1,2028,78.29
16,2625,1,2028,78.31
16,2626,1,2026,78.33
16,2627,1,2028,78.29
16,2628,1,2028,78.29
16,2629,1,2028,78.29
16,2630,1,2028,78.29
16,2631,1,2028,78.29
16,2632,1,2028,78.29
16,2633,1,2030,78.28
16,2634,1,2028,78.28
16,2635,1,2028,78.28
16,2636,1,2028,78.26
16,2637,1,2028,78.27
16,2638,1,2028,78.26
16,2639,1,2028,78.25
16,2640,1,2030,78.26
16,2641,1,2028,78.27
16,2642,1,2028,78.25
16,2643,1,2028,78.25
16,2644,1,2030,78.23
16,2645,1,2030,78.24
16,2646,1,2030,78.23
16,2647,1,2030,78.21
16,2648,1,2030,78.23
16,2649,1,2028,78.22
16,2650,1,2030,78.25
16,2651,1,2018,78.65
16,2652,1,2014,79.06
16,2653,1,2016,78.92
16,2654,1,2016,78.89
16,2655,1,2016,78.89
16,2656,1,2018,78.87
16,2657,1,2016,78.88
16,2658,1,2016,78.88
16,2659,1,2016,78.88
16,2660,1,2014,78.86
16,2661,1,2018,78.87
16,2662,1,2014,78.87
16,2663,1,2014,78.86
16,2664,1,2016,78.87
16,2665,1,2016,78.86
16,2666,1,2016,78.87
16,2667,1,2018,78.86
16,2668,1,2016,78.86
16,2669,1,2014,78.86
16,2670,1,2016,78.87
16,2671,1,2014,78.88
16,2672,1,2016,78.90
16,2673,1,2012,78.92
16,2674,1,2014,78.91
16,2675,1,2016,78.91
16,2676,1,2014,78.92
16,2677,1,2014,78.91
16,2678,1,2016,78.88
16,2679,1,2016,78.89
16,2680,1,2014,78.89
16,2681,1,2014,78.91
16,2682,1,2016,78.89
16,2683,1,2016,78.90
16,2684,1,2014,78.91
16,2685,1,2014,78.90
16,2686,1,2016,78.89
16,2687,1,2016,78.88
16,2688,1,2016,78.87
16,2689,1,2016,78.87
16,2690,1,2016,78.88
16,2691,1,2016,78.87
16,2692,1,2014,78.86
16,2693,1,2016,78.86
16,2694,1,2016,78.87
16,2695,1,2016,78.87
16,2696,1,2016,78.89
16,2697,1,2018,78.90
16,2698,1,2016,78.90
16,2699,1,2014,78.89
16,2700,1,2016,78.88
16,2701,1,2016,78.86
16,2702,1,2018,78.84
16,2703,1,2018,78.85
16,2704,1,2016,78.85
16,2705,1,2016,78.84
16,2706,1,2018,78.84
16,2707,1,2016,78.86
16,2708,1,2016,78.93
16,2709,1,2014,78.92
16,2710,1,2012,78.92
16,2711,1,2014,78.93
16,2712,1,2012,78.92
16,2713,1,2014,78.93
16,2714,1,2016,78.93
16,2715,1,2012,78.95
16,2716,1,2014,78.95
16,2717,1,2014,78.93
16,2718,1,2014,78.96
16,2719,1,2012,78.96
16,2720,1,2014,78.97
16,2721,1,2012,78.96
16,2722,1,2014,78.93
16,2723,1,2014,78.90
16,2724,1,2014,78.93
16,2725,1,2014,78.94
16,2726,1,2014,78.93
16,2727,1,2016,78.92
16,2728,1,2016,78.91
16,2729,1,2016,78.93
16,2730,1,2016,78.94
16,2731,1,2012,78.92
16,2732,1,2016,78.91
16,2733,1,2014,78.91
16,2734,1,2014,78.92
16,2735,1,2014,78.91
16,2736,1,2016,78.89
16,2737,1,2016,78.89
16,2738,1,2014,78.92
16,2739,1,2014,78.90
16,2740,1,2016,78.88
16,2741,1,2016,78.88
16,2742,1,2016,78.88
16,2743,1,2016,78.88
16,2744,1,2018,78.87
16,2745,1,2018,78.82
16,2746,1,2018,78.81
16,2747,1,2016,78.82
16,2748,1,2016,78.80
16,2749,1,2014,78.81
16,2750,1,2018,78.84
16,2751,1,2018,78.84
16,2752,1,2018,78.81
16,2753,1,2016,78.83
16,2754,1,2016,78.83
16,2755,1,2018,78.82
16,2756,1,2018,78.83
16,2757,1,2016,78.82
16,2758,1,2016,78.82
16,2759,1,2016,78.83
16,2760,1,2014,78.85
16,2761,1,2016,78.85
16,2762,1,2018,78.82
16,2763,1,2018,78.81
16,2764,1,2018,78.87
16,2765,1,2016,78.84
16,2766,1,2018,78.83
16,2767,1,2014,78.83
16,2768,1,2016,78.84
16,2769,1,2016,78.81
16,2770,1,2016,78.84
16,2771,1,2014,78.85
16,2772,1,2018,78.84
16,2773,1,2018,78.83
16,2774,1,2016,78.81
16,2775,1,2018,78.81
16,2776,1,2018,78.84
16,2777,1,2018,78.84
16,2778,1,2018,78.81
16,2779,1,2016,78.80
16,2780,1,2018,78.83
16,2781,1,2016,78.84
16,2782,1,2018,78.83
16,2783,1,2016,78.82
16,2784,1,2018,78.84
16,2785,1,2016,78.83
16,2786,1,2018,78.83
16,2787,1,2018,78.83
16,2788,1,2018,78.83
16,2789,1,2018,78.82
16,2790,1,2016,78.81
16,2791,1,2018,78.82
16,2792,1,2018,78.82
16,2793,1,2016,78.82
16,2794,1,2016,78.83
16,2795,1,2016,78.83
16,2796,1,2018,78.84
16,2797,1,2016,78.84
16,2798,1,2016,78.82
16,2799,1,2016,78.83
16,2800,1,2018,78.83
16,2801,1,2018,78.81
16,2802,1,2018,78.82
16,2803,1,2020,78.82
16,2804,1,2018,78.81
16,2805,1,2018,78.81
16,2806,1,2016,78.81
16,2807,1,2016,78.82
16,2808,1,2016,78.81
16,2809,1,2018,78.82
16,2810,1,2016,78.81
16,2811,1,2018,78.79
16,2812,1,2018,78.80
16,2813,1,2016,78.80
16,2814,1,2018,78.79
16,2815,1,2020,78.78
16,2816,1,2016,78.86
16,2817,1,2018,78.86
16,2818,1,2016,78.83
16,2819,1,2018,78.84
16,2820,1,2018,78.81
16,2821,1,2016,78.80
16,2822,1,2016,78.81
16,2823,1,2016,78.79
16,2824,1,2018,78.78
16,2825,1,2018,78.79
16,2826,1,2018,78.78
16,2827,1,2018,78.80
16,2828,1,2018,78.83
16,2829,1,2018,78.84
16,2830,1,2016,78.83
16,2831,1,2016,78.82
16,2832,1,2018,78.82
16,2833,1,2018,78.82
16,2834,1,2016,78.82
16,2835,1,2018,78.82
16,2836,1,2018,78.82
16,2837,1,2018,78.81
16,2838,1,2018,78.80
16,2839,1,2016,78.82
16,2840,1,2018,78.81
16,2841,1,2014,78.82
16,2842,1,2016,78.82
16,2843,1,2018,78.81
16,2844,1,2018,78.80
16,2845,1,2018,78.81
16,2846,1,2016,78.80
16,2847,1,2016,78.77
16,2848,1,2020,78.76
16,2849,1,2020,78.77
16,2850,1,2018,78.76
16,2851,1,2016,78.76
16,2852,1,2018,78.75
16,2853,1,2018,78.75
16,2854,1,2018,78.75
16,2855,1,2018,78.76
16,2856,1,2018,78.78
16,2857,1,2018,78.77
16,2858,1,2016,78.78
16,2859,1,2016,78.77
16,2860,1,2018,78.79
16,2861,1,2018,78.75
16,2862,1,2018,78.76
16,2863,1,2018,78.75
16,2864,1,2018,78.75
16,2865,1,2018,78.75
16,2866,1,2020,78.75
16,2867,1,2018,78.77
16,2868,1,2018,78.75
16,2869,1,2020,78.75
16,2870,1,2018,78.75
16,2871,1,2018,78.75
16,2872,1,2018,78.76
16,2873,1,2018,78.75
16,2874,1,2020,78.75
16,2875,1,2022,78.76
16,2876,1,2018,78.76
16,2877,1,2018,78.76
16,2878,1,2020,78.74
16,2879,1,2018,78.75
16,2880,1,2018,78.75
16,2881,1,2018,78.75
16,2882,1,2018,78.74
16,2883,1,2018,78.76
16,2884,1,2018,78.76
16,2885,1,2018,78.76
16,2886,1,2020,78.75
16,2887,1,2018,78.75
16,2888,1,2018,78.76
16,2889,1,2018,78.78
16,2890,1,2018,78.78
16,2891,1,2018,78.78
16,2892,1,2016,78.79
16,2893,1,2018,78.78
16,2894,1,2018,78.78
16,2895,1,2018,78.78
16,2896,1,2018,78.78
16,2897,1,2018,78.77
16,2898,1,2018,78.78
16,2899,1,2018,78.78
16,2900,1,2018,78.78
16,2901,1,2018,78.77
16,2902,1,2016,78.77
16,2903,1,2018,78.77
16,2904,1,2016,78.77
16,2905,1,2018,78.77
16,2906,1,2018,78.78
16,2907,1,2018,78.77
16,2908,1,2018,78.77
16,2909,1,2018,78.76
16,2910,1,2018,78.76
16,2911,1,2018,78.77
16,2912,1,2018,78.78
16,2913,1,2018,78.77
16,2914,1,2018,78.78
16,2915,1,2018,78.77
16,2916,1,2020,78.79
16,2917,1,2018,78.77
16,2918,1,2018,78.77
16,2919,1,2016,78.76
16,2920,1,2020,78.77
16,2921,1,2018,78.77
16,2922,1,2018,78.77
16,2923,1,2016,78.78
16,2924,1,2018,78.78
16,2925,1,2018,78.77
16,2926,1,2020,78.77
16,2927,1,2018,78.78
16,2928,1,2018,78.78
16,2929,1,2020,78.77
16,2930,1,2018,78.76
16,2931,1,2018,78.77
16,2932,1,2018,78.77
16,2933,1,2018,78.78
16,2934,1,2018,78.75
16,2935,1,2018,78.77
16,2936,1,2018,78.77
16,2937,1,2018,78.75
16,2938,1,2018,78.75
16,2939,1,2018,78.76
16,2940,1,2018,78.77
16,2941,1,2020,78.77
16,2942,1,2016,78.76
16,2943,1,2018,78.76
16,2944,1,2018,78.75
16,2945,1,2018,78.76
16,2946,1,2020,78.75
16,2947,1,2018,78.76
16,2948,1,2018,78.76
16,2949,1,2018,78.76
16,2950,1,2016,78.77
16,2951,1,2018,78.76
16,2952,1,2016,78.77
16,2953,1,2018,78.77
16,2954,1,2018,78.76
16,2955,1,2018,78.76
16,2956,1,2018,78.76
16,2957,1,2018,78.76
16,2958,1,2018,78.77
16,2959,1,2020,78.76
16,2960,1,2016,78.76
16,2961,1,2018,78.77
16,2962,1,2018,78.78
16,2963,1,2018,78.77
16,2964,1,2016,78.78
16,2965,1,2018,78.78
16,2966,1,2020,78.78
16,2967,1,2018,78.77
16,2968,1,2018,78.77
16,2969,1,2018,78.75
16,2970,1,2016,78.77
16,2971,1,2018,78.76
16,2972,1,2016,78.77
16,2973,1,2016,78.77
16,2974,1,2018,78.76
16,2975,1,2018,78.77
16,2976,1,2020,78.77
16,2977,1,2018,78.77
16,2978,1,2016,78.77
16,2979,1,2016,78.77
16,2980,1,2018,78.78
16,2981,1,2018,78.78
16,2982,1,2016,78.78
16,2983,1,2018,78.78
16,2984,1,2018,78.78
16,2985,1,2018,78.77
16,2986,1,2020,78.78
16,2987,1,2016,78.77
16,2988,1,2016,78.78
16,2989,1,2018,78.77
16,2990,1,2018,78.77
16,2991,1,2018,78.78
16,2992,1,2018,78.77
16,2993,1,2018,78.78
16,2994,1,2018,78.77
16,2995,1,2018,78.81
16,2996,1,2018,78.80
16,2997,1,2016,78.82
16,2998,1,2016,78.83
16,2999,1,2016,78.83
16,3000,1,2016,78.83
16,3001,1,2016,78.86
16,3002,1,2016,78.84
16,3003,1,2016,78.84
16,3004,1,2016,78.84
16,3005,1,2016,78.82
16,3006,1,2016,78.81
16,3007,1,2016,78.79
16,3008,1,2016,78.78
16,3009,1,2018,78.78
16,3010,1,2018,78.78
16,3011,1,2016,78.77
16,3012,1,2018,78.78
16,3013,1,2016,78.78
16,3014,1,2018,78.78
16,3015,1,2018,78.78
16,3016,1,2018,78.78
16,3017,1,2018,78.78
16,3018,1,2018,78.78
16,3019,1,2018,78.77
16,3020,1,2018,78.77
16,3021,1,2018,78.79
16,3022,1,2018,78.77
16,3023,1,2018,78.78
16,3024,1,2018,78.77
16,3025,1,2018,78.77
16,3026,1,2016,78.79
16,3027,1,2018,78.76
16,3028,1,2018,78.77
16,3029,1,2018,78.77
16,3030,1,2020,78.77
16,3031,1,2016,78.77
16,3032,1,2018,78.77
16,3033,1,2018,78.77
16,3034,1,2016,78.76
16,3035,1,2018,78.76
16,3036,1,2016,78.77
16,3037,1,2018,78.77
16,3038,1,2018,78.77
16,3039,1,2018,78.77
16,3040,1,2018,78.76
16,3041,1,2018,78.77
16,3042,1,2016,78.76
16,3043,1,2016,78.76
16,3044,1,2016,78.76
16,3045,1,2020,78.75
16,3046,1,2018,78.76
16,3047,1,2020,78.77
16,3048,1,2018,78.75
16,3049,1,2020,78.75
16,3050,1,2020,78.75
16,3051,1,2016,78.76
16,3052,1,2020,78.76
16,3053,1,2018,78.75
16,3054,1,2018,78.76
16,3055,1,2018,78.76
16,3056,1,2018,78.76
16,3057,1,2018,78.74
16,3058,1,2018,78.76
16,3059,1,2018,78.76
16,3060,1,2018,78.75
16,3061,1,2018,78.77
16,3062,1,2018,78.76
16,3063,1,2018,78.77
16,3064,1,2018,78.77
16,3065,1,2018,78.78
16,3066,1,2016,78.78
16,3067,1,2018,78.78
16,3068,1,2018,78.78
16,3069,1,2016,78.78
16,3070,1,2018,78.79
16,3071,1,2016,78.79
16,3072,1,2016,78.80
16,3073,1,2016,78.80
16,3074,1,2018,78.80
16,3075,1,2018,78.80
16,3076,1,2018,78.80
16,3077,1,2018,78.77
16,3078,1,2018,78.78
16,3079,1,2018,78.78
16,3080,1,2018,78.78
16,3081,1,2018,78.80
16,3082,1,2018,78.79
16,3083,1,2016,78.82
16,3084,1,2018,78.80
16,3085,1,2016,78.79
16,3086,1,2016,78.83
16,3087,1,2018,78.84
16,3088,1,2016,78.85
16,3089,1,2016,78.84
16,3090,1,2016,78.85
16,3091,1,2016,78.86
16,3092,1,2014,78.89
16,3093,1,2018,78.86
16,3094,1,2018,78.82
16,3095,1,2018,78.83
16,3096,1,2014,78.83
16,3097,1,2016,78.84
16,3098,1,2018,78.81
16,3099,1,2018,78.82
16,3100,1,2016,78.80
16,3101,1,2016,78.86
16,3102,1,2014,78.84
16,3103,1,2016,78.87
16,3104,1,2016,78.85
16,3105,1,2016,78.85
16,3106,1,2018,78.85
16,3107,1,2016,78.82
16,3108,1,2016,78.83
16,3109,1,2016,78.85
16,3110,1,2016,78.88
16,3111,1,2014,78.88
16,3112,1,2014,78.85
16,3113,1,2016,78.88
16,3114,1,2014,78.90
16,3115,1,2020,78.82
16,3116,1,2018,78.79
16,3117,1,2018,78.80
16,3118,1,2018,78.76
16,3119,1,2018,78.75
16,3120,1,2018,78.74
16,3121,1,2020,78.76
16,3122,1,2018,78.76
16,3123,1,2018,78.76
16,3124,1,2018,78.77
16,3125,1,2020,78.76
16,3126,1,2018,78.77
16,3127,1,2018,78.77
16,3128,1,2018,78.76
16,3129,1,2018,78.77
16,3130,1,2018,78.76
16,3131,1,2018,78.77
16,3132,1,2018,78.76
16,3133,1,2018,78.75
16,3134,1,2018,78.77
16,3135,1,2018,78.75
16,3136,1,2020,78.75
16,3137,1,2018,78.76
16,3138,1,2020,78.76
16,3139,1,2018,78.74
16,3140,1,2018,78.76
16,3141,1,2020,78.76
16,3142,1,2018,78.75
16,3143,1,2018,78.77
16,3144,1,2020,78.77
16,3145,1,2018,78.76
16,3146,1,2018,78.77
16,3147,1,2018,78.76
16,3148,1,2018,78.75
16,3149,1,2020,78.76
16,3150,1,2020,78.76
16,3151,1,2020,78.77
16,3152,1,2018,78.77
16,3153,1,2018,78.74
16,3154,1,2018,78.75
16,3155,1,2018,78.73
16,3156,1,2018,78.74
16,3157,1,2018,78.73
16,3158,1,2018,78.73
16,3159,1,2020,78.73
16,3160,1,2018,78.73
16,3161,1,2020,78.72
16,3162,1,2018,78.73
16,3163,1,2020,78.74
16,3164,1,2018,78.74
16,3165,1,2020,78.73
16,3166,1,2018,78.73
16,3167,1,2018,78.73
16,3168,1,2020,78.73
16,3169,1,2020,78.73
16,3170,1,2020,78.72
16,3171,1,2018,78.73
16,3172,1,2020,78.73
16,3173,1,2018,78.74
16,3174,1,2018,78.73
16,3175,1,2018,78.73
16,3176,1,2018,78.73
16,3177,1,2018,78.73
16,3178,1,2018,78.73
16,3179,1,2020,78.73
16,3180,1,2018,78.72
16,3181,1,2018,78.74
16,3182,1,2020,78.73
16,3183,1,2018,78.72
16,3184,1,2020,78.73
16,3185,1,2018,78.74
16,3186,1,2018,78.73
16,3187,1,2018,78.74
16,3188,1,2020,78.74
16,3189,1,2018,78.73
16,3190,1,2020,78.72
16,3191,1,2020,78.73
16,3192,1,2018,78.73
16,3193,1,2018,78.73
16,3194,1,2018,78.73
16,3195,1,2020,78.73
16,3196,1,2018,78.72
16,3197,1,2018,78.73
16,3198,1,2018,78.73
16,3199,1,2020,78.73
16,3200,1,2020,78.73
16,3201,1,2018,78.73
16,3202,1,2020,78.73
16,3203,1,2020,78.73
16,3204,1,2020,78.72
16,3205,1,2018,78.72
16,3206,1,2020,78.73
16,3207,1,2020,78.72
16,3208,1,2018,78.74
16,3209,1,2016,78.73
16,3210,1,2018,78.73
16,3211,1,2018,78.72
16,3212,1,2018,78.72
16,3213,1,2018,78.71
16,3214,1,2018,78.72
16,3215,1,2018,78.73
16,3216,1,2020,78.72
16,3217,1,2018,78.73
16,3218,1,2020,78.72
16,3219,1,2020,78.72
16,3220,1,2020,78.72
16,3221,1,2018,78.73
16,3222,1,2018,78.73
16,3223,1,2020,78.72
16,3224,1,2020,78.73
16,3225,1,2020,78.73
16,3226,1,2020,78.72
16,3227,1,2020,78.72
16,3228,1,2020,78.72
16,3229,1,2020,78.72
16,3230,1,2020,78.73
16,3231,1,2020,78.73
16,3232,1,2020,78.72
16,3233,1,2018,78.74
16,3234,1,2018,78.73
16,3235,1,2018,78.73
16,3236,1,2018,78.73
16,3237,1,2018,78.73
16,3238,1,2020,78.73
16,3239,1,2020,78.72
16,3240,1,2018,78.72
16,3241,1,2020,78.72
16,3242,1,2020,78.73
16,3243,1,2020,78.72
16,3244,1,2018,78.72
16,3245,1,2020,78.72
16,3246,1,2020,78.72
16,3247,1,2018,78.72
16,3248,1,2018,78.73
16,3249,1,2020,78.72
16,3250,1,2016,78.73
16,3251,1,2020,78.71
16,3252,1,2020,78.71
16,3253,1,2020,78.73
16,3254,1,2020,78.71
16,3255,1,2018,78.72
16,3256,1,2020,78.72
16,3257,1,2020,78.72
16,3258,1,2016,78.73
16,3259,1,2018,78.71
16,3260,1,2018,78.73
16,3261,1,2018,78.73
16,3262,1,2018,78.72
16,3263,1,2018,78.72
16,3264,1,2020,78.73
16,3265,1,2020,78.72
16,3266,1,2018,78.73
16,3267,1,2018,78.73
16,3268,1,2020,78.73
16,3269,1,2018,78.71
16,3270,1,2020,78.72
16,3271,1,2016,78.72
16,3272,1,2020,78.72
16,3273,1,2018,78.71
16,3274,1,2018,78.71
16,3275,1,2018,78.73
16,3276,1,2018,78.71
16,3277,1,2018,78.71
16,3278,1,2020,78.72
16,3279,1,2018,78.72
16,3280,1,2020,78.70
16,3281,1,2018,78.71
16,3282,1,2020,78.71
16,3283,1,2018,78.73
16,3284,1,2020,78.72
16,3285,1,2018,78.70
16,3286,1,2018,78.71
16,3287,1,2018,78.71
16,3288,1,2018,78.70
16,3289,1,2020,78.71
16,3290,1,2020,78.71
16,3291,1,2020,78.70
16,3292,1,2018,78.70
16,3293,1,2020,78.71
16,3294,1,2020,78.72
16,3295,1,2018,78.71
16,3296,1,2020,78.72
16,3297,1,2020,78.70
16,3298,1,2020,78.72
16,3299,1,2020,78.72
16,3300,1,2020,78.72
16,3301,1,2020,78.70
16,3302,1,2020,78.70
16,3303,1,2020,78.71
16,3304,1,2020,78.71
16,3305,1,2020,78.70
16,3306,1,2018,78.71
16,3307,1,2020,78.70
16,3308,1,2018,78.71
16,3309,1,2018,78.70
16,3310,1,2018,78.70
16,3311,1,2018,78.71
16,3312,1,2020,78.71
16,3313,1,2020,78.69
16,3314,1,2020,78.70
16,3315,1,2018,78.70
16,3316,1,2020,78.69
16,3317,1,2020,78.70
16,3318,1,2020,78.71
16,3319,1,2020,78.70
16,3320,1,2018,78.70
16,3321,1,2018,78.70
16,3322,1,2018,78.71
16,3323,1,2020,78.69
16,3324,1,2020,78.71
16,3325,1,2018,78.72
16,3326,1,2020,78.72
16,3327,1,2018,78.70
16,3328,1,2020,78.71
16,3329,1,2018,78.71
16,3330,1,2018,78.72
16,3331,1,2020,78.70
16,3332,1,2020,78.70
16,3333,1,2018,78.71
16,3334,1,2020,78.69
16,3335,1,2020,78.70
16,3336,1,2020,78.69
16,3337,1,2018,78.70
16,3338,1,2018,78.71
16,3339,1,2018,78.70
16,3340,1,2018,78.71
16,3341,1,2020,78.72
16,3342,1,2018,78.71
16,3343,1,2020,78.69
16,3344,1,2018,78.71
16,3345,1,2020,78.72
16,3346,1,2018,78.71
16,3347,1,2018,78.72
16,3348,1,2018,78.72
16,3349,1,2020,78.72
16,3350,1,2020,78.71
16,3351,1,2022,78.71
16,3352,1,2020,78.72
16,3353,1,2018,78.73
16,3354,1,2018,78.73
16,3355,1,2020,78.72
16,3356,1,2020,78.71
16,3357,1,2018,78.73
16,3358,1,2020,78.73
16,3359,1,2018,78.73
16,3360,1,2018,78.71
16,3361,1,2018,78.73
16,3362,1,2018,78.73
16,3363,1,2020,78.72
16,3364,1,2018,78.72
16,3365,1,2020,78.74
16,3366,1,2018,78.73
16,3367,1,2020,78.74
16,3368,1,2018,78.74
16,3369,1,2018,78.75
16,3370,1,2018,78.78
16,3371,1,2018,78.78
16,3372,1,2018,78.80
16,3373,1,2016,78.82
16,3374,1,2016,78.83
16,3375,1,2016,78.84
16,3376,1,2016,78.84
16,3377,1,2018,78.82
16,3378,1,2018,78.81
16,3379,1,2016,78.81
16,3380,1,2018,78.80
16,3381,1,2016,78.80
16,3382,1,2018,78.77
16,3383,1,2016,78.78
16,3384,1,2018,78.79
16,3385,1,2016,78.82
16,3386,1,2018,78.82
16,3387,1,2016,78.80
16,3388,1,2016,78.81
16,3389,1,2018,78.82
16,3390,1,2016,78.84
16,3391,1,2018,78.84
16,3392,1,2018,78.83
16,3393,1,2018,78.79
16,3394,1,2018,78.75
16,3395,1,2018,78.75
16,3396,1,2018,78.77
16,3397,1,2016,78.77
16,3398,1,2018,78.78
16,3399,1,2018,78.80
16,3400,1,2016,78.81
16,3401,1,2016,78.82
16,3402,1,2016,78.85
16,3403,1,2016,78.85
16,3404,1,2016,78.89
16,3405,1,2014,78.91
16,3406,1,2016,78.89
16,3407,1,2016,78.93
16,3408,1,2014,78.96
16,3409,1,2014,78.93
16,3410,1,2014,78.91
16,3411,1,2016,78.89
16,3412,1,2018,78.89
16,3413,1,2016,78.91
16,3414,1,2016,78.94
16,3415,1,2012,78.97
16,3416,1,2012,79.02
16,3417,1,2014,78.99
16,3418,1,2016,78.91
16,3419,1,2016,78.87
16,3420,1,2016,78.87
16,3421,1,2018,78.83
16,3422,1,2018,78.83
16,3423,1,2018,78.84
16,3424,1,2016,78.83
16,3425,1,2016,78.85
16,3426,1,2016,78.85
16,3427,1,2016,78.85
16,3428,1,2016,78.81
16,3429,1,2018,78.81
16,3430,1,2016,78.84
16,3431,1,2016,78.87
16,3432,1,2016,78.88
16,3433,1,2014,78.92
16,3434,1,2014,78.98
16,3435,1,2012,78.99
16,3436,1,2012,79.04
16,3437,1,2012,79.08
16,3438,1,2012,79.11
16,3439,1,2012,79.09
16,3440,1,2012,79.05
16,3441,1,2016,78.96
16,3442,1,2014,78.90
16,3443,1,2014,78.91
16,3444,1,2018,78.90
16,3445,1,2016,78.88
16,3446,1,2016,78.88
16,3447,1,2016,78.88
16,3448,1,2014,78.86
16,3449,1,2018,78.85
16,3450,1,2018,78.83
16,3451,1,2016,78.82
16,3452,1,2018,78.82
16,3453,1,2018,78.83
16,3454,1,2016,78.84
16,3455,1,2018,78.82
16,3456,1,2020,78.77
16,3457,1,2018,78.78
16,3458,1,2018,78.80
16,3459,1,2014,78.82
16,3460,1,2016,78.87
16,3461,1,2014,78.89
16,3462,1,2016,78.88
16,3463,1,2016,78.92
16,3464,1,2012,78.94
16,3465,1,2014,78.98
16,3466,1,2016,78.90
16,3467,1,2016,78.87
16,3468,1,2016,78.83
16,3469,1,2018,78.81
16,3470,1,2016,78.83
16,3471,1,2014,78.87
16,3472,1,2016,78.91
16,3473,1,2016,78.92
16,3474,1,2016,78.85
16,3475,1,2016,78.84
16,3476,1,2016,78.87
16,3477,1,2018,78.80
16,3478,1,2016,78.80
16,3479,1,2016,78.84
16,3480,1,2016,78.85
16,3481,1,2016,78.86
16,3482,1,2014,78.89
16,3483,1,2020,78.82
16,3484,1,2020,78.68
16,3485,1,2018,78.67
16,3486,1,2020,78.71
16,3487,1,2018,78.74
16,3488,1,2018,78.77
16,3489,1,2016,78.79
16,3490,1,2016,78.82
16,3491,1,2018,78.82
16,3492,1,2016,78.83
16,3493,1,2016,78.80
16,3494,1,2018,78.79
16,3495,1,2018,78.76
16,3496,1,2018,78.71
16,3497,1,2018,78.75
16,3498,1,2018,78.74
16,3499,1,2018,78.76
16,3500,1,2018,78.78
16,3501,1,2018,78.82
16,3502,1,2016,78.87
16,3503,1,2014,78.89
16,3504,1,2016,78.90
16,3505,1,2016,78.90
16,3506,1,2014,78.92
16,3507,1,2016,78.92
16,3508,1,2016,78.90
16,3509,1,2016,78.90
16,3510,1,2016,78.88
16,3511,1,2016,78.87
16,3512,1,2016,78.88
16,3513,1,2014,78.89
16,3514,1,2014,78.89
16,3515,1,2016,78.89
16,3516,1,2016,78.89
16,3517,1,2016,78.88
16,3518,1,2016,78.86
16,3519,1,2016,78.86
16,3520,1,2016,78.84
16,3521,1,2014,78.84
16,3522,1,2016,78.87
16,3523,1,2016,78.86
16,3524,1,2014,78.88
16,3525,1,2014,78.89
16,3526,1,2016,78.89
16,3527,1,2014,78.90
16,3528,1,2014,78.91
16,3529,1,2014,78.92
16,3530,1,2014,78.89
16,3531,1,2018,78.86
16,3532,1,2016,78.87
16,3533,1,2016,78.89
16,3534,1,2014,78.93
16,3535,1,2014,78.97
16,3536,1,2014,78.96
16,3537,1,2014,78.92
16,3538,1,2014,78.89
16,3539,1,2016,78.85
16,3540,1,2014,78.86
16,3541,1,2016,78.89
16,3542,1,2016,78.92
16,3543,1,2014,78.91
16,3544,1,2016,78.93
16,3545,1,2016,78.93
16,3546,1,2016,78.93
16,3547,1,2014,78.93
16,3548,1,2014,78.97
16,3549,1,2010,79.07
16,3550,1,2010,79.14
16,3551,1,2008,79.20
16,3552,1,2010,79.20
16,3553,1,2008,79.20
16,3554,1,2010,79.16
16,3555,1,2010,79.13
16,3556,1,2012,79.10
16,3557,1,2012,79.06
16,3558,1,2012,79.04
16,3559,1,2012,79.04
16,3560,1,2012,79.04
16,3561,1,2012,79.02
16,3562,1,2012,79.02
16,3563,1,2014,79.00
16,3564,1,2012,79.01
16,3565,1,2012,79.02
16,3566,1,2014,79.01
16,3567,1,2014,79.01
16,3568,1,2012,79.04
16,3569,1,2012,79.06
16,3570,1,2012,79.04
16,3571,1,2012,79.04
16,3572,1,2012,79.04
16,3573,1,2012,79.02
16,3574,1,2012,78.99
16,3575,1,2014,78.98
16,3576,1,2012,78.97
16,3577,1,2014,78.96
16,3578,1,2014,78.95
16,3579,1,2014,78.96
16,3580,1,2014,78.94
16,3581,1,2014,78.94
16,3582,1,2016,78.92
16,3583,1,2016,78.91
16,3584,1,2016,78.91
16,3585,1,2014,78.89
16,3586,1,2016,78.90
16,3587,1,2016,78.91
16,3588,1,2014,78.92
16,3589,1,2016,78.90
16,3590,1,2018,78.86
16,3591,1,2018,78.85
16,3592,1,2016,78.84
16,3593,1,2016,78.84
16,3594,1,2018,78.84
16,3595,1,2016,78.84
16,3596,1,2016,78.88
16,3597,1,2018,78.85
16,3598,1,2016,78.81
16,3599,1,2020,78.80
16,3600,1,2016,78.79
16,3601,1,2018,78.80
16,3602,1,2018,78.80
16,3603,1,2016,78.83
16,3604,1,2016,78.85
16,3605,1,2018,78.84
16,3606,1,2016,78.82
16,3607,1,2020,78.79
16,3608,1,2016,78.80
16,3609,1,2014,78.84
16,3610,1,2014,78.82
16,3611,1,2016,78.86
16,3612,1,2016,78.87
16,3613,1,2016,78.86
16,3614,1,2016,78.85
16,3615,1,2018,78.86
16,3616,1,2014,78.89
16,3617,1,2018,78.83
16,3618,1,2016,78.81
16,3619,1,2016,78.86
16,3620,1,2016,78.87
16,3621,1,2018,78.82
16,3622,1,2018,78.75
16,3623,1,2018,78.74
16,3624,1,2018,78.74
16,3625,1,2020,78.74
16,3626,1,2020,78.71
16,3627,1,2020,78.72
16,3628,1,2016,78.71
16,3629,1,2018,78.71
16,3630,1,2040,75.46
16,3631,1,2040,77.71
16,3632,1,2040,77.67
16,3633,1,2038,77.69
16,3634,1,2042,77.70
16,3635,1,2040,77.72
16,3636,1,2040,77.71
16,3637,1,2042,77.76
16,3638,1,2040,77.75
16,3639,1,2040,77.72
16,3640,1,2040,77.73
16,3641,1,2038,77.74
16,3642,1,2042,77.73
16,3643,1,2038,77.72
16,3644,1,2042,77.67
16,3645,1,2042,77.68
16,3646,1,2040,77.68
16,3647,1,2042,77.67
16,3648,1,2040,77.68
16,3649,1,2040,77.70
16,3650,1,2040,77.71
16,3651,1,2040,77.70
16,3652,1,2038,77.72
16,3653,1,2040,77.70
16,3654,1,2040,77.71
16,3655,1,2040,77.71
16,3656,1,2040,77.70
16,3657,1,2040,77.70
16,3658,1,2030,77.83
16,3659,1,2032,78.14
16,3660,1,2032,78.09
16,3661,1,2032,78.07
16,3662,1,2032,78.04
16,3663,1,2034,78.06
16,3664,1,2030,78.09
16,3665,1,2030,78.11
16,3666,1,2030,78.13
16,3667,1,2028,78.19
16,3668,1,2028,78.22
16,3669,1,2030,78.23
16,3670,1,2030,78.21
16,3671,1,2030,78.18
16,3672,1,2030,78.17
16,3673,1,2034,78.15
16,3674,1,2032,78.16
16,3675,1,2032,78.12
16,3676,1,2032,78.12
16,3677,1,2032,78.13
16,3678,1,2030,78.17
16,3679,1,2026,78.22
16,3680,1,2028,78.27
16,3681,1,2030,78.23
16,3682,1,2032,78.14
16,3683,1,2032,78.11
16,3684,1,2036,78.07
16,3685,1,2036,78.03
16,3686,1,2034,78.01
16,3687,1,2034,78.03
16,3688,1,2032,78.05
16,3689,1,2032,78.07
16,3690,1,2030,78.11
16,3691,1,2030,78.10
16,3692,1,2034,78.11
16,3693,1,2034,78.06
16,3694,1,2034,78.04
16,3695,1,2034,78.00
16,3696,1,2032,77.97
16,3697,1,2036,77.97
16,3698,1,2032,78.01
16,3699,1,2032,78.05
16,3700,1,2032,78.10
16,3701,1,2030,78.14
16,3702,1,2028,78.19
16,3703,1,2030,78.21
16,3704,1,2028,78.18
16,3705,1,2028,78.19
16,3706,1,2026,78.20
16,3707,1,2032,78.21
16,3708,1,2032,78.20
16,3709,1,2030,78.21
16,3710,1,2030,78.20
16,3711,1,2030,78.18
16,3712,1,2028,78.21
16,3713,1,2030,78.24
16,3714,1,2032,78.21
16,3715,1,2030,78.19
16,3716,1,2030,78.17
16,3717,1,2032,78.11
16,3718,1,2034,78.09
16,3719,1,2032,78.07
16,3720,1,2034,78.04
16,3721,1,2034,78.03
16,3722,1,2032,78.02
16,3723,1,2034,78.02
16,3724,1,2034,78.01
16,3725,1,2032,78.00
16,3726,1,2034,77.99
16,3727,1,2036,78.00
16,3728,1,2034,77.99
16,3729,1,2034,78.00
16,3730,1,2032,77.99
16,3731,1,2034,77.99
16,3732,1,2036,78.00
16,3733,1,2032,78.05
16,3734,1,2032,78.05
16,3735,1,2034,78.02
16,3736,1,2034,78.03
16,3737,1,2030,78.07
16,3738,1,2030,78.11
16,3739,1,2028,78.14
16,3740,1,2030,78.18
16,3741,1,2030,78.20
16,3742,1,2030,78.23
16,3743,1,2030,78.25
16,3744,1,2032,78.24
16,3745,1,2028,78.22
16,3746,1,2030,78.21
16,3747,1,2030,78.21
16,3748,1,2032,78.18
16,3749,1,2030,78.17
16,3750,1,2030,78.17
16,3751,1,2032,78.15
16,3752,1,2032,78.13
16,3753,1,2030,78.12
16,3754,1,2032,78.10
16,3755,1,2034,78.09
16,3756,1,2036,78.04
16,3757,1,2034,78.02
16,3758,1,2030,78.09
16,3759,1,2034,78.10
16,3760,1,2034,78.05
16,3761,1,2032,78.06
16,3762,1,2032,78.07
16,3763,1,2032,78.09
16,3764,1,2042,77.91
16,3765,1,2040,77.72
16,3766,1,2040,77.73
16,3767,1,2040,77.74
16,3768,1,2038,77.74
16,3769,1,2042,77.74
16,3770,1,2040,77.75
16,3771,1,2042,77.74
16,3772,1,2040,77.73
16,3773,1,2040,77.77
16,3774,1,2036,77.78
16,3775,1,2038,77.79
16,3776,1,2038,77.79
16,3777,1,2040,77.78
16,3778,1,2040,77.78
16,3779,1,2038,77.78
16,3780,1,2038,77.79
16,3781,1,2040,77.80
16,3782,1,2040,77.79
16,3783,1,2040,77.78
16,3784,1,2040,77.78
16,3785,1,2040,77.78
16,3786,1,2038,77.76
16,3787,1,2040,77.74
16,3788,1,2038,77.76
16,3789,1,2040,77.75
16,3790,1,2040,77.75
16,3791,1,2040,77.73
16,3792,1,2038,77.76
16,3793,1,2038,77.75
16,3794,1,2038,77.79
16,3795,1,2040,77.81
16,3796,1,2040,77.81
16,3797,1,2040,77.81
16,3798,1,2038,77.82
16,3799,1,2040,77.80
16,3800,1,2038,77.79
16,3801,1,2038,77.78
16,3802,1,2040,77.78
16,3803,1,2040,77.79
16,3804,1,2038,77.79
16,3805,1,2038,77.80
16,3806,1,2040,77.79
16,3807,1,2040,77.80
16,3808,1,2040,77.81
16,3809,1,2038,77.81
16,3810,1,2038,77.82
16,3811,1,2038,77.81
16,3812,1,2040,77.77
16,3813,1,2040,77.74
16,3814,1,2038,77.76
16,3815,1,2038,77.78
16,3816,1,2038,77.77
16,3817,1,2040,77.76
16,3818,1,2038,77.76
16,3819,1,2040,77.73
16,3820,1,2040,77.75
16,3821,1,2042,77.74
16,3822,1,2040,77.75
16,3823,1,2038,77.76
16,3824,1,2038,77.77
16,3825,1,2038,77.76
16,3826,1,2042,77.75
16,3827,1,2040,77.74
16,3828,1,2040,77.72
16,3829,1,2042,77.73
16,3830,1,2040,77.73
16,3831,1,2040,77.75
16,3832,1,2040,77.75
16,3833,1,2042,77.73
16,3834,1,2040,77.72
16,3835,1,2040,77.73
16,3836,1,2040,77.73
16,3837,1,2038,77.75
16,3838,1,2038,77.74
16,3839,1,2040,77.76
16,3840,1,2038,77.78
16,3841,1,2038,77.79
16,3842,1,2038,77.78
16,3843,1,2038,77.76
16,3844,1,2038,77.79
16,3845,1,2040,77.80
16,3846,1,2038,77.81
16,3847,1,2038,77.80
16,3848,1,2038,77.80
16,3849,1,2040,77.80
16,3850,1,2038,77.80
16,3851,1,2038,77.80
16,3852,1,2040,77.79
16,3853,1,2040,77.80
16,3854,1,2040,77.79
16,3855,1,2040,77.77
16,3856,1,2040,77.77
16,3857,1,2036,77.76
16,3858,1,2040,77.79
16,3859,1,2040,77.76
16,3860,1,2040,77.79
16,3861,1,2042,77.76
16,3862,1,2036,77.76
16,3863,1,2040,77.75
16,3864,1,2040,77.75
16,3865,1,2040,77.75
16,3866,1,2038,77.75
16,3867,1,2040,77.77
16,3868,1,2038,77.77
16,3869,1,2040,77.76
16,3870,1,2040,77.76
16,3871,1,2038,77.77
16,3872,1,2038,77.77
16,3873,1,2038,77.80
16,3874,1,2040,77.81
16,3875,1,2038,77.77
16,3876,1,2040,77.77
16,3877,1,2038,77.80
16,3878,1,2038,77.79
16,3879,1,2038,77.79
16,3880,1,2040,77.76
16,3881,1,2038,77.75
16,3882,1,2038,77.78
16,3883,1,2038,77.79
16,3884,1,2038,77.81
16,3885,1,2038,77.81
16,3886,1,2038,77.83
16,3887,1,2040,77.79
16,3888,1,2040,77.79
16,3889,1,2038,77.78
16,3890,1,2032,77.95
16,3891,1,2034,78.06
16,3892,1,2034,78.06
16,3893,1,2034,78.05
16,3894,1,2032,78.05
16,3895,1,2034,78.03
16,3896,1,2034,78.03
16,3897,1,2030,78.02
16,3898,1,2034,78.02
16,3899,1,2032,78.06
16,3900,1,2032,78.07
16,3901,1,2030,78.14
16,3902,1,2030,78.19
16,3903,1,2030,78.23
16,3904,1,2030,78.25
16,3905,1,2028,78.30
16,3906,1,2030,78.25
16,3907,1,2032,78.20
16,3908,1,2032,78.14
16,3909,1,2030,78.11
16,3910,1,2036,78.04
16,3911,1,2034,77.99
16,3912,1,2036,77.96
16,3913,1,2036,77.96
16,3914,1,2036,78.00
16,3915,1,2034,78.03
16,3916,1,2032,78.05
16,3917,1,2032,78.08
16,3918,1,2032,78.11
16,3919,1,2030,78.11
16,3920,1,2030,78.12
16,3921,1,2030,78.13
16,3922,1,2032,78.13
16,3923,1,2032,78.10
16,3924,1,2030,78.12
16,3925,1,2030,78.16
16,3926,1,2034,78.10
16,3927,1,2032,78.12
16,3928,1,2032,78.09
16,3929,1,2034,78.03
16,3930,1,2036,77.95
16,3931,1,2036,77.93
16,3932,1,2034,77.92
16,3933,1,2034,77.93
16,3934,1,2034,77.94
16,3935,1,2032,77.96
16,3936,1,2034,77.95
16,3937,1,2036,77.97
16,3938,1,2034,77.95
16,3939,1,2034,77.96
16,3940,1,2036,77.95
16,3941,1,2036,77.95
16,3942,1,2036,77.96
16,3943,1,2034,77.95
16,3944,1,2036,77.95
16,3945,1,2036,77.95
16,3946,1,2036,77.96
16,3947,1,2032,77.98
16,3948,1,2034,78.02
16,3949,1,2040,78.01
16,3950,1,2040,77.75
16,3951,1,2040,77.77
16,3952,1,2038,77.76
16,3953,1,2040,77.75
16,3954,1,2038,77.76
16,3955,1,2040,77.75
16,3956,1,2038,77.76
16,3957,1,2040,77.76
16,3958,1,2040,77.75
16,3959,1,2040,77.73
16,3960,1,2038,77.73
16,3961,1,2040,77.75
16,3962,1,2040,77.73
16,3963,1,2042,77.72
16,3964,1,2042,77.68
16,3965,1,2040,77.69
16,3966,1,2040,77.69
16,3967,1,2042,77.67
16,3968,1,2040,77.67
16,3969,1,2042,77.67
16,3970,1,2042,77.66
16,3971,1,2040,77.68
16,3972,1,2042,77.66
16,3973,1,2042,77.66
16,3974,1,2042,77.64
16,3975,1,2042,77.66
16,3976,1,2042,77.65
16,3977,1,2042,77.66
16,3978,1,2040,77.67
16,3979,1,2042,77.68
16,3980,1,2040,77.66
16,3981,1,2042,77.66
16,3982,1,2040,77.65
16,3983,1,2042,77.67
16,3984,1,2040,77.66
16,3985,1,2040,77.67
16,3986,1,2042,77.68
16,3987,1,2040,77.67
16,3988,1,2040,77.67
16,3989,1,2042,77.68
16,3990,1,2040,77.68
16,3991,1,2040,77.71
16,3992,1,2040,77.72
16,3993,1,2040,77.74
16,3994,1,2040,77.74
16,3995,1,2038,77.76
16,3996,1,2038,77.77
16,3997,1,2040,77.76
16,3998,1,2038,77.76
16,3999,1,2038,77.75
16,4000,1,2038,77.76
16,4001,1,2038,77.76
16,4002,1,2040,77.73
16,4003,1,2036,77.73
16,4004,1,2042,77.73
16,4005,1,2040,77.73
16,4006,1,2040,77.71
16,4007,1,2040,77.72
16,4008,1,2040,77.71
16,4009,1,2038,77.72
16,4010,1,2040,77.69
16,4011,1,2040,77.70
16,4012,1,2040,77.70
16,4013,1,2040,77.71
16,4014,1,2040,77.71
16,4015,1,2038,77.73
16,4016,1,2040,77.72
16,4017,1,2040,77.72
16,4018,1,2040,77.73
16,4019,1,2038,77.73
16,4020,1,2040,77.71
16,4021,1,2042,77.68
16,4022,1,2038,77.68
16,4023,1,2042,77.67
16,4024,1,2042,77.65
16,4025,1,2040,77.67
16,4026,1,2042,77.69
16,4027,1,2040,77.69
16,4028,1,2042,77.68
16,4029,1,2042,77.67
16,4030,1,2040,77.68
16,4031,1,2044,77.66
16,4032,1,2040,77.67
16,4033,1,2040,77.67
16,4034,1,2042,77.70
16,4035,1,2042,77.69
16,4036,1,2040,77.73
16,4037,1,2040,77.73
16,4038,1,2040,77.74
16,4039,1,2038,77.72
16,4040,1,2040,77.73
16,4041,1,2040,77.72
16,4042,1,2038,77.72
16,4043,1,2042,77.74
16,4044,1,2038,77.72
16,4045,1,2040,77.72
16,4046,1,2040,77.73
16,4047,1,2040,77.72
16,4048,1,2038,77.72
16,4049,1,2040,77.70
16,4050,1,2040,77.70
16,4051,1,2042,77.70
16,4052,1,2038,77.71
16,4053,1,2040,77.70
16,4054,1,2040,77.70
16,4055,1,2040,77.73
16,4056,1,2040,77.72
16,4057,1,2040,77.70
16,4058,1,2040,77.70
16,4059,1,2042,77.67
16,4060,1,2042,77.66
16,4061,1,2040,77.67
16,4062,1,2042,77.68
16,4063,1,2040,77.67
16,4064,1,2040,77.65
16,4065,1,2042,77.66
16,4066,1,2040,77.67
16,4067,1,2040,77.67
16,4068,1,2040,77.66
16,4069,1,2042,77.69
16,4070,1,2040,77.68
16,4071,1,2040,77.69
16,4072,1,2040,77.68
16,4073,1,2042,77.67
16,4074,1,2040,77.68
16,4075,1,2040,77.65
16,4076,1,2042,77.63
16,4077,1,2044,77.65
16,4078,1,2040,77.66
16,4079,1,2042,77.65
16,4080,1,2044,77.64
16,4081,1,2042,77.64
16,4082,1,2042,77.64
16,4083,1,2042,77.65
16,4084,1,2042,77.63
16,4085,1,2040,77.63
16,4086,1,2044,77.65
16,4087,1,2042,77.64
16,4088,1,2042,77.63
16,4089,1,2040,77.65
16,4090,1,2042,77.64
16,4091,1,2042,77.64
16,4092,1,2044,77.65
16,4093,1,2042,77.63
16,4094,1,2042,77.64
16,4095,1,2040,77.64
16,4096,1,2042,77.64
16,4097,1,2042,77.64
16,4098,1,2042,77.66
16,4099,1,2042,77.63
16,4100,1,2042,77.63
16,4101,1,2042,77.63
16,4102,1,2044,77.64
16,4103,1,2042,77.65
16,4104,1,2042,77.62
16,4105,1,2042,77.62
16,4106,1,2042,77.62
16,4107,1,2044,77.64
16,4108,1,2044,77.62
16,4109,1,2044,77.63
16,4110,1,2042,77.63
16,4111,1,2042,77.62
16,4112,1,2040,77.63
16,4113,1,2040,77.64
16,4114,1,2042,77.64
16,4115,1,2042,77.63
16,4116,1,2050,77.60
16,4117,1,2042,77.66
16,4118,1,2042,77.63
16,4119,1,2040,77.62
16,4120,1,2040,77.62
16,4121,1,2042,77.61
16,4122,1,2042,77.63
16,4123,1,2040,77.62
16,4124,1,2042,77.61
16,4125,1,2042,77.60
16,4126,1,2040,77.61
16,4127,1,2044,77.61
16,4128,1,2042,77.59
16,4129,1,2042,77.60
16,4130,1,2040,77.59
16,4131,1,2044,77.61
16,4132,1,2044,77.59
16,4133,1,2042,77.60
16,4134,1,2042,77.58
16,4135,1,2044,77.60
16,4136,1,2044,77.58
16,4137,1,2042,77.59
16,4138,1,2042,77.55
16,4139,1,2042,77.58
16,4140,1,2044,77.53
16,4141,1,2050,77.56
16,4142,1,2042,77.56
16,4143,1,2042,77.57
16,4144,1,2044,77.57
16,4145,1,2044,77.53
16,4146,1,2042,77.55
16,4147,1,2044,77.53
16,4148,1,2052,77.46
16,4149,1,2044,77.51
16,4150,1,2052,77.54
16,4151,1,2042,77.55
16,4152,1,2042,77.51
16,4153,1,2044,77.54
16,4154,1,2044,77.54
16,4155,1,2040,77.52
16,4156,1,2050,77.52
16,4157,1,2044,77.53
16,4158,1,2042,77.53
16,4159,1,2044,77.53
16,4160,1,2042,77.54
16,4161,1,2044,77.53
16,4162,1,2050,77.53
16,4163,1,2044,77.52
16,4164,1,2044,77.53
16,4165,1,2042,77.49
16,4166,1,2044,77.54
16,4167,1,2042,77.53
16,4168,1,2042,77.52
16,4169,1,2042,77.51
16,4170,1,2050,77.55
16,4171,1,2050,77.51
16,4172,1,2044,77.47
16,4173,1,2044,77.52
16,4174,1,2042,77.51
16,4175,1,2042,77.53
16,4176,1,2042,77.51
16,4177,1,2050,77.49
16,4178,1,2050,77.49
16,4179,1,2044,77.48
16,4180,1,2044,77.54
16,4181,1,2042,77.52
16,4182,1,2044,77.49
16,4183,1,2040,77.48
16,4184,1,2042,77.53
16,4185,1,2042,77.51
16,4186,1,2050,77.49
16,4187,1,2042,77.50
16,4188,1,2050,77.50
16,4189,1,2042,77.49
16,4190,1,2050,77.47
16,4191,1,2042,77.53
16,4192,1,2044,77.53
16,4193,1,2040,77.50
16,4194,1,2044,77.52
16,4195,1,2044,77.51
16,4196,1,2050,77.51
16,4197,1,2042,77.50
16,4198,1,2050,77.51
16,4199,1,2050,77.49
16,4200,1,2050,77.50
16,4201,1,2052,77.52
16,4202,1,2050,77.51
16,4203,1,2044,77.49
16,4204,1,2042,77.51
16,4205,1,2044,77.52
16,4206,1,2042,77.49
16,4207,1,2050,77.48
16,4208,1,2050,77.47
16,4209,1,2050,77.50
16,4210,1,2042,77.50
16,4211,1,2044,77.50
16,4212,1,2042,77.47
16,4213,1,2050,77.50
16,4214,1,2044,77.43
16,4215,1,2042,77.44
16,4216,1,2044,77.44
16,4217,1,2044,77.45
16,4218,1,2042,77.47
16,4219,1,2050,77.46
16,4220,1,2044,77.47
16,4221,1,2042,77.44
16,4222,1,2042,77.42
16,4223,1,2042,77.42
16,4224,1,2042,77.45
16,4225,1,2052,77.44
16,4226,1,2042,77.46
16,4227,1,2044,77.44
16,4228,1,2042,77.47
16,4229,1,2042,77.43
16,4230,1,2042,77.48
16,4231,1,2042,77.41
16,4232,1,2050,77.44
16,4233,1,2044,77.42
16,4234,1,2050,77.41
16,4235,1,2050,77.42
16,4236,1,2044,77.48
16,4237,1,2042,77.44
16,4238,1,2042,77.42
16,4239,1,2044,77.42
16,4240,1,2050,77.37
16,4241,1,2044,77.43
16,4242,1,2044,77.46
16,4243,1,2050,77.41
16,4244,1,2050,77.41
16,4245,1,2050,77.41
16,4246,1,2044,77.41
16,4247,1,2044,77.42
16,4248,1,2044,77.42
16,4249,1,2044,77.39
16,4250,1,2052,77.40
16,4251,1,2050,77.40
16,4252,1,2050,77.41
16,4253,1,2050,77.41
16,4254,1,2050,77.44
16,4255,1,2044,77.39
16,4256,1,2052,77.40
16,4257,1,2050,77.37
16,4258,1,2050,77.40
16,4259,1,2042,77.41
16,4260,1,2050,77.35
16,4261,1,2044,77.39
16,4262,1,2050,77.32
16,4263,1,2050,77.39
16,4264,1,2050,77.41
16,4265,1,2050,77.34
16,4266,1,2052,77.40
16,4267,1,2042,77.36
16,4268,1,2050,77.38
16,4269,1,2052,77.36
16,4270,1,2050,77.35
16,4271,1,2050,77.36
16,4272,1,2044,77.36
16,4273,1,2050,77.33
16,4274,1,2050,77.31
16,4275,1,2042,77.35
16,4276,1,2044,77.36
16,4277,1,2052,77.36
16,4278,1,2050,77.36
16,4279,1,2044,77.35
16,4280,1,2050,77.37
16,4281,1,2044,77.36
16,4282,1,2052,77.36
16,4283,1,2050,77.35
16,4284,1,2052,77.33
16,4285,1,2044,77.36
16,4286,1,2052,77.34
16,4287,1,2044,77.33
16,4288,1,2050,77.30
16,4289,1,2050,77.32
16,4290,1,2042,77.33
16,4291,1,2052,77.30
16,4292,1,2044,77.34
16,4293,1,2050,77.32
16,4294,1,2050,77.30
16,4295,1,2052,77.31
16,4296,1,2052,77.37
16,4297,1,2052,77.27
16,4298,1,2044,77.31
16,4299,1,2050,77.27
16,4300,1,2052,77.35
16,4301,1,2050,77.30
16,4302,1,2052,77.34
16,4303,1,2044,77.31
16,4304,1,2050,77.30
16,4305,1,2044,77.32
16,4306,1,2050,77.30
16,4307,1,2044,77.33
16,4308,1,2052,77.32
16,4309,1,2044,77.33
16,4310,1,2050,77.33
16,4311,1,2050,77.32
16,4312,1,2050,77.31
16,4313,1,2044,77.26
16,4314,1,2050,77.28
16,4315,1,2044,77.32
16,4316,1,2050,77.26
16,4317,1,2052,77.32
16,4318,1,2050,77.27
16,4319,1,2044,77.31
16,4320,1,2044,77.31
16,4321,1,2052,77.29
16,4322,1,2050,77.29
16,4323,1,2050,77.28
16,4324,1,2050,77.31
16,4325,1,2050,77.24
16,4326,1,2050,77.25
16,4327,1,2050,77.28
16,4328,1,2052,77.26
16,4329,1,2052,77.26
16,4330,1,2052,77.28
16,4331,1,2050,77.30
16,4332,1,2042,77.29
16,4333,1,2052,77.27
16,4334,1,2050,77.28
16,4335,1,2050,77.27
16,4336,1,2050,77.30
16,4337,1,2052,77.26
16,4338,1,2052,77.25
16,4339,1,2052,77.29
16,4340,1,2052,77.25
16,4341,1,2050,77.28
16,4342,1,2044,77.27
16,4343,1,2050,77.31
16,4344,1,2050,77.25
16,4345,1,2044,77.25
16,4346,1,2050,77.26
16,4347,1,2044,77.27
16,4348,1,2050,77.24
16,4349,1,2044,77.26
16,4350,1,2052,77.21
16,4351,1,2052,77.24
16,4352,1,2052,77.24
16,4353,1,2044,77.27
16,4354,1,2050,77.25
16,4355,1,2052,77.27
16,4356,1,2050,77.30
16,4357,1,2050,77.25
16,4358,1,2052,77.25
16,4359,1,2050,77.21
16,4360,1,2050,77.29
16,4361,1,2052,77.25
16,4362,1,2054,77.24
16,4363,1,2050,77.25
16,4364,1,2052,77.23
16,4365,1,2050,77.25
16,4366,1,2052,77.20
16,4367,1,2050,77.23
16,4368,1,2050,77.23
16,4369,1,2052,77.24
16,4370,1,2050,77.22
16,4371,1,2050,77.22
16,4372,1,2054,77.25
16,4373,1,2052,77.22
16,4374,1,2052,77.24
16,4375,1,2052,77.22
16,4376,1,2050,77.23
16,4377,1,2052,77.24
16,4378,1,2050,77.22
16,4379,1,2050,77.23
16,4380,1,2044,77.26
16,4381,1,2052,77.21
16,4382,1,2054,77.23
16,4383,1,2050,77.22
16,4384,1,2052,77.26
16,4385,1,2052,77.21
16,4386,1,2052,77.22
16,4387,1,2052,77.23
16,4388,1,2050,77.24
16,4389,1,2052,77.20
16,4390,1,2052,77.20
16,4391,1,2050,77.22
16,4392,1,2044,77.24
16,4393,1,2050,77.22
16,4394,1,2052,77.22
16,4395,1,2050,77.19
16,4396,1,2052,77.23
16,4397,1,2052,77.22
16,4398,1,2052,77.21
16,4399,1,2052,77.19
16,4400,1,2052,77.23
16,4401,1,2052,77.23
16,4402,1,2044,77.21
16,4403,1,2050,77.22
16,4404,1,2052,77.23
16,4405,1,2052,77.21
16,4406,1,2050,77.21
16,4407,1,2052,77.22
16,4408,1,2050,77.23
16,4409,1,2052,77.18
16,4410,1,2050,77.20
16,4411,1,2050,77.22
16,4412,1,2050,77.24
16,4413,1,2050,77.22
16,4414,1,2052,77.19
16,4415,1,2050,77.23
16,4416,1,2052,77.24
16,4417,1,2052,77.22
16,4418,1,2052,77.19
16,4419,1,2052,77.20
16,4420,1,2052,77.17
16,4421,1,2050,77.21
16,4422,1,2050,77.19
16,4423,1,2050,77.20
16,4424,1,2052,77.18
16,4425,1,2050,77.21
16,4426,1,2052,77.22
16,4427,1,2052,77.18
16,4428,1,2052,77.20
16,4429,1,2052,77.17
16,4430,1,2050,77.17
16,4431,1,2052,77.21
16,4432,1,2052,77.22
16,4433,1,2050,77.19
16,4434,1,2052,77.19
16,4435,1,2052,77.19
16,4436,1,2054,77.20
16,4437,1,2052,77.20
16,4438,1,2052,77.20
16,4439,1,2052,77.20
16,4440,1,2052,77.18
16,4441,1,2050,77.19
16,4442,1,2050,77.20
16,4443,1,2050,77.18
16,4444,1,2052,77.20
16,4445,1,2052,77.17
16,4446,1,2052,77.18
16,4447,1,2050,77.18
16,4448,1,2052,77.17
16,4449,1,2054,77.17
16,4450,1,2050,77.18
16,4451,1,2050,77.18
16,4452,1,2052,77.20
16,4453,1,2050,77.19
16,4454,1,2050,77.19
16,4455,1,2052,77.17
16,4456,1,2054,77.18
16,4457,1,2050,77.17
16,4458,1,2054,77.17
16,4459,1,2052,77.17
16,4460,1,2052,77.16
16,4461,1,2052,77.17
16,4462,1,2052,77.17
16,4463,1,2054,77.18
16,4464,1,2052,77.19
16,4465,1,2052,77.19
16,4466,1,2050,77.16
16,4467,1,2054,77.17
16,4468,1,2052,77.20
16,4469,1,2052,77.17
16,4470,1,2052,77.17
16,4471,1,2050,77.17
16,4472,1,2050,77.16
16,4473,1,2052,77.17
16,4474,1,2052,77.16
16,4475,1,2052,77.18
16,4476,1,2050,77.18
16,4477,1,2052,77.16
16,4478,1,2054,77.17
16,4479,1,2052,77.20
16,4480,1,2050,77.18
16,4481,1,2044,77.19
16,4482,1,2050,77.18
16,4483,1,2052,77.18
16,4484,1,2052,77.18
16,4485,1,2052,77.18
16,4486,1,2054,77.16
16,4487,1,2052,77.18
16,4488,1,2050,77.17
16,4489,1,2054,77.17
16,4490,1,2050,77.16
16,4491,1,2052,77.16
16,4492,1,2052,77.17
16,4493,1,2052,77.20
16,4494,1,2054,77.18
16,4495,1,2052,77.16
16,4496,1,2050,77.17
16,4497,1,2052,77.18
16,4498,1,2052,77.16
16,4499,1,2050,77.18
16,4500,1,2050,77.15
16,4501,1,2052,77.17
16,4502,1,2052,77.16
16,4503,1,2050,77.17
16,4504,1,2052,77.16
16,4505,1,2044,77.17
16,4506,1,2052,77.16
16,4507,1,2052,77.16
16,4508,1,2050,77.15
16,4509,1,2052,77.17
16,4510,1,2052,77.16
16,4511,1,2054,77.17
16,4512,1,2052,77.16
16,4513,1,2052,77.18
16,4514,1,2054,77.16
16,4515,1,2050,77.15
16,4516,1,2054,77.15
16,4517,1,2052,77.17
16,4518,1,2052,77.17
16,4519,1,2052,77.17
16,4520,1,2052,77.16
16,4521,1,2052,77.16
16,4522,1,2052,77.16
16,4523,1,2050,77.15
16,4524,1,2054,77.17
16,4525,1,2052,77.15
16,4526,1,2050,77.16
16,4527,1,2054,77.15
16,4528,1,2052,77.16
16,4529,1,2052,77.14
16,4530,1,2052,77.17
16,4531,1,2050,77.18
16,4532,1,2054,77.14
16,4533,1,2052,77.16
16,4534,1,2054,77.14
16,4535,1,2050,77.16
16,4536,1,2052,77.17
16,4537,1,2052,77.14
16,4538,1,2052,77.14
16,4539,1,2052,77.17
16,4540,1,2052,77.14
16,4541,1,2054,77.14
16,4542,1,2050,77.15
16,4543,1,2052,77.15
16,4544,1,2052,77.15
16,4545,1,2050,77.16
16,4546,1,2054,77.16
16,4547,1,2052,77.14
16,4548,1,2054,77.15
16,4549,1,2054,77.14
16,4550,1,2052,77.15
16,4551,1,2052,77.15
16,4552,1,2052,77.14
16,4553,1,2054,77.15
16,4554,1,2052,77.15
16,4555,1,2052,77.15
16,4556,1,2050,77.14
16,4557,1,2052,77.14
16,4558,1,2052,77.15
16,4559,1,2052,77.14
16,4560,1,2050,77.16
16,4561,1,2052,77.15
16,4562,1,2054,77.12
16,4563,1,2052,77.16
16,4564,1,2052,77.17
16,4565,1,2052,77.16
16,4566,1,2052,77.16
16,4567,1,2044,77.14
16,4568,1,2052,77.14
16,4569,1,2052,77.14
16,4570,1,2052,77.14
16,4571,1,2052,77.14
16,4572,1,2052,77.14
16,4573,1,2054,77.14
16,4574,1,2052,77.14
16,4575,1,2054,77.12
16,4576,1,2052,77.14
16,4577,1,2052,77.15
16,4578,1,2054,77.14
16,4579,1,2054,77.14
16,4580,1,2054,77.15
16,4581,1,2052,77.13
16,4582,1,2044,77.15
16,4583,1,2052,77.13
16,4584,1,2052,77.14
16,4585,1,2054,77.13
16,4586,1,2052,77.14
16,4587,1,2052,77.15
16,4588,1,2050,77.14
16,4589,1,2054,77.14
16,4590,1,2054,77.12
16,4591,1,2052,77.14
16,4592,1,2054,77.14
16,4593,1,2052,77.14
16,4594,1,2052,77.12
16,4595,1,2052,77.14
16,4596,1,2052,77.13
16,4597,1,2054,77.14
16,4598,1,2054,77.13
16,4599,1,2052,77.13
16,4600,1,2054,77.13
16,4601,1,2054,77.13
16,4602,1,2052,77.13
16,4603,1,2052,77.13
16,4604,1,2056,77.14
16,4605,1,2052,77.13
16,4606,1,2052,77.13
16,4607,1,2050,77.14
16,4608,1,2052,77.12
16,4609,1,2052,77.11
16,4610,1,2052,77.13
16,4611,1,2052,77.12
16,4612,1,2054,77.12
16,4613,1,2054,77.12
16,4614,1,2054,77.14
16,4615,1,2054,77.11
16,4616,1,2052,77.12
16,4617,1,2052,77.14
16,4618,1,2054,77.13
16,4619,1,2052,77.12
16,4620,1,2054,77.13
16,4621,1,2054,77.11
16,4622,1,2052,77.12
16,4623,1,2052,77.12
16,4624,1,2052,77.13
16,4625,1,2054,77.12
16,4626,1,2052,77.13
16,4627,1,2054,77.11
16,4628,1,2054,77.12
16,4629,1,2052,77.12
16,4630,1,2054,77.10
16,4631,1,2054,77.11
16,4632,1,2052,77.12
16,4633,1,2054,77.11
16,4634,1,2054,77.11
16,4635,1,2052,77.12
16,4636,1,2054,77.12
16,4637,1,2052,77.11
16,4638,1,2054,77.11
16,4639,1,2054,77.11
16,4640,1,2054,77.11
16,4641,1,2056,77.10
16,4642,1,2052,77.12
16,4643,1,2050,77.12
16,4644,1,2052,77.10
16,4645,1,2052,77.11
16,4646,1,2054,77.11
16,4647,1,2054,77.11
16,4648,1,2052,77.12
16,4649,1,2052,77.11
16,4650,1,2054,77.10
16,4651,1,2052,77.11
16,4652,1,2052,77.09
16,4653,1,2054,77.12
16,4654,1,2054,77.10
16,4655,1,2056,77.10
16,4656,1,2052,77.11
16,4657,1,2054,77.11
16,4658,1,2054,77.11
16,4659,1,2054,77.11
16,4660,1,2052,77.11
16,4661,1,2052,77.11
16,4662,1,2052,77.10
16,4663,1,2052,77.10
16,4664,1,2052,77.09
16,4665,1,2054,77.10
16,4666,1,2054,77.10
16,4667,1,2054,77.09
16,4668,1,2054,77.12
16,4669,1,2052,77.10
16,4670,1,2052,77.11
16,4671,1,2052,77.11
16,4672,1,2050,77.11
16,4673,1,2056,77.09
16,4674,1,2050,77.11
16,4675,1,2054,77.09
16,4676,1,2054,77.10
16,4677,1,2052,77.12
16,4678,1,2054,77.10
16,4679,1,2054,77.09
16,4680,1,2054,77.10
16,4681,1,2054,77.10
16,4682,1,2054,77.09
16,4683,1,2054,77.10
16,4684,1,2054,77.10
16,4685,1,2052,77.09
16,4686,1,2054,77.09
16,4687,1,2054,77.09
16,4688,1,2054,77.10
16,4689,1,2054,77.10
16,4690,1,2054,77.09
16,4691,1,2054,77.09
16,4692,1,2054,77.08
16,4693,1,2052,77.11
16,4694,1,2054,77.09
16,4695,1,2052,77.08
16,4696,1,2054,77.08
16,4697,1,2052,77.09
16,4698,1,2054,77.09
16,4699,1,2056,77.06
16,4700,1,2054,77.09
16,4701,1,2054,77.08
16,4702,1,2050,77.08
16,4703,1,2054,77.08
16,4704,1,2052,77.09
16,4705,1,2054,77.09
16,4706,1,2054,77.09
16,4707,1,2052,77.08
16,4708,1,2054,77.07
16,4709,1,2054,77.07
16,4710,1,2054,77.07
16,4711,1,2052,77.08
16,4712,1,2054,77.07
16,4713,1,2054,77.08
16,4714,1,2054,77.07
16,4715,1,2054,77.07
16,4716,1,2052,77.08
16,4717,1,2054,77.08
16,4718,1,2054,77.06
16,4719,1,2056,77.07
16,4720,1,2054,77.08
16,4721,1,2054,77.07
16,4722,1,2052,77.08
16,4723,1,2054,77.07
16,4724,1,2052,77.07
16,4725,1,2054,77.07
16,4726,1,2052,77.07
16,4727,1,2054,77.07
16,4728,1,2054,77.08
16,4729,1,2054,77.06
16,4730,1,2052,77.07
16,4731,1,2056,77.07
16,4732,1,2054,77.07
16,4733,1,2054,77.06
16,4734,1,2054,77.07
16,4735,1,2052,77.09
16,4736,1,2054,77.08
16,4737,1,2054,77.07
16,4738,1,2056,77.07
16,4739,1,2054,77.07
16,4740,1,2054,77.06
16,4741,1,2052,77.06
16,4742,1,2054,77.08
16,4743,1,2054,77.06
16,4744,1,2054,77.06
16,4745,1,2054,77.07
16,4746,1,2054,77.06
16,4747,1,2054,77.07
16,4748,1,2054,77.07
16,4749,1,2054,77.06
16,4750,1,2052,77.07
16,4751,1,2054,77.08
16,4752,1,2054,77.07
16,4753,1,2054,77.06
16,4754,1,2054,77.07
16,4755,1,2054,77.05
16,4756,1,2054,77.06
16,4757,1,2056,77.06
16,4758,1,2054,77.05
16,4759,1,2054,77.06
16,4760,1,2054,77.05
16,4761,1,2056,77.05
16,4762,1,2054,77.07
16,4763,1,2054,77.04
16,4764,1,2056,77.06
16,4765,1,2052,77.06
16,4766,1,2056,77.06
16,4767,1,2054,77.06
16,4768,1,2054,77.06
16,4769,1,2054,77.05
16,4770,1,2056,77.05
16,4771,1,2052,77.06
16,4772,1,2054,77.05
16,4773,1,2054,77.07
16,4774,1,2056,77.06
16,4775,1,2054,77.05
16,4776,1,2054,77.06
16,4777,1,2054,77.06
16,4778,1,2054,77.06
16,4779,1,2054,77.05
16,4780,1,2054,77.06
16,4781,1,2054,77.06
16,4782,1,2054,77.07
16,4783,1,2054,77.07
16,4784,1,2054,77.06
16,4785,1,2054,77.06
16,4786,1,2052,77.07
16,4787,1,2052,77.07
16,4788,1,2054,77.06
16,4789,1,2054,77.06
16,4790,1,2052,77.07
16,4791,1,2054,77.09
16,4792,1,2052,77.08
16,4793,1,2054,77.07
16,4794,1,2054,77.09
16,4795,1,2054,77.08
16,4796,1,2052,77.08
16,4797,1,2054,77.09
16,4798,1,2054,77.09
16,4799,1,2052,77.08
16,4800,1,2052,77.08
16,4801,1,2056,77.08
16,4802,1,2054,77.08
16,4803,1,2054,77.07
16,4804,1,2054,77.07
16,4805,1,2056,77.09
16,4806,1,2054,77.09
16,4807,1,2054,77.08
16,4808,1,2056,77.09
16,4809,1,2052,77.09
16,4810,1,2054,77.09
16,4811,1,2052,77.11
16,4812,1,2054,77.10
16,4813,1,2054,77.10
16,4814,1,2054,77.11
16,4815,1,2052,77.11
16,4816,1,2054,77.10
16,4817,1,2052,77.10
16,4818,1,2052,77.09
16,4819,1,2052,77.09
16,4820,1,2052,77.09
16,4821,1,2052,77.10
16,4822,1,2054,77.10
16,4823,1,2052,77.12
16,4824,1,2054,77.13
16,4825,1,2052,77.12
16,4826,1,2054,77.11
16,4827,1,2052,77.10
16,4828,1,2054,77.11
16,4829,1,2052,77.11
16,4830,1,2050,77.10
16,4831,1,2052,77.15
16,4832,1,2052,77.19
16,4833,1,2052,77.24
16,4834,1,2052,77.25
16,4835,1,2052,77.23
16,4836,1,2050,77.21
16,4837,1,2052,77.27
16,4838,1,2050,77.28
16,4839,1,2044,77.28
16,4840,1,2050,77.25
16,4841,1,2050,77.29
16,4842,1,2054,77.29
16,4843,1,2044,77.28
16,4844,1,2044,77.33
16,4845,1,2052,77.32
16,4846,1,2044,77.40
16,4847,1,2050,77.37
16,4848,1,2052,77.30
16,4849,1,2052,77.31
16,4850,1,2044,77.29
16,4851,1,2044,77.33
16,4852,1,2052,77.31
16,4853,1,2044,77.35
16,4854,1,2050,77.34
16,4855,1,2044,77.43
16,4856,1,2044,77.41
16,4857,1,2050,77.47
16,4858,1,2042,77.46
16,4859,1,2042,77.49
16,4860,1,2044,77.49
16,4861,1,2044,77.44
16,4862,1,2044,77.43
16,4863,1,2050,77.39
16,4864,1,2052,77.39
16,4865,1,2052,77.41
16,4866,1,2050,77.39
16,4867,1,2044,77.41
16,4868,1,2050,77.37
16,4869,1,2050,77.39
16,4870,1,2044,77.37
16,4871,1,2050,77.38
16,4872,1,2042,77.39
16,4873,1,2050,77.39
16,4874,1,2044,77.45
16,4875,1,2044,77.47
16,4876,1,2042,77.52
16,4877,1,2050,77.53
16,4878,1,2042,77.51
16,4879,1,2044,77.51
16,4880,1,2050,77.54
16,4881,1,2044,77.56
16,4882,1,2042,77.58
16,4883,1,2042,77.53
16,4884,1,2042,77.46
16,4885,1,2044,77.49
16,4886,1,2050,77.42
16,4887,1,2044,77.48
16,4888,1,2044,77.56
16,4889,1,2044,77.52
16,4890,1,2044,77.47
16,4891,1,2044,77.40
16,4892,1,2044,77.46
16,4893,1,2044,77.44
16,4894,1,2044,77.46
16,4895,1,2042,77.53
16,4896,1,2042,77.59
16,4897,1,2042,77.64
16,4898,1,2042,77.65
16,4899,1,2042,77.58
16,4900,1,2042,77.62
16,4901,1,2050,77.60
16,4902,1,2044,77.44
16,4903,1,2050,77.47
16,4904,1,2044,77.50
16,4905,1,2042,77.54
16,4906,1,2044,77.54
16,4907,1,2042,77.51
16,4908,1,2042,77.52
16,4909,1,2050,77.51
16,4910,1,2040,77.55
16,4911,1,2042,77.68
16,4912,1,2022,78.24
16,4913,1,2042,78.01
16,4914,1,2044,77.66
16,4915,1,2040,77.66
16,4916,1,2042,77.66
16,4917,1,2022,78.32
16,4918,1,2036,78.36
16,4919,1,2050,77.58
16,4920,1,2044,77.61
16,4921,1,2042,77.89
16,4922,1,2040,77.58
16,4923,1,2032,77.89
16,4924,1,2040,78.13
16,4925,1,2052,77.42
16,4926,1,2052,77.24
16,4927,1,2042,77.53
16,4928,1,2026,77.81
16,4929,1,2036,78.25
16,4930,1,2050,77.34
16,4931,1,2050,77.48
16,4932,1,2050,77.58
16,4933,1,2052,77.41
16,4934,1,2050,77.18
16,4935,1,2044,77.22
16,4936,1,2050,77.25
16,4937,1,2050,77.15
16,4938,1,2052,77.14
16,4939,1,2052,77.22
16,4940,1,2050,77.29
16,4941,1,2050,77.31
16,4942,1,2050,77.24
16,4943,1,2042,77.30
16,4944,1,2044,77.43
16,4945,1,2044,77.41
16,4946,1,2044,77.37
16,4947,1,2050,77.35
16,4948,1,2050,77.22
16,4949,1,2054,77.23
16,4950,1,2052,77.22
16,4951,1,2052,77.19
16,4952,1,2052,77.20
16,4953,1,2052,77.22
16,4954,1,2052,77.26
16,4955,1,2042,77.35
16,4956,1,2040,77.57
16,4957,1,2036,77.88
16,4958,1,2028,78.26
16,4959,1,2050,77.79
16,4960,1,2054,77.17
16,4961,1,2054,77.10
16,4962,1,2052,77.14
16,4963,1,2052,77.17
16,4964,1,2052,77.18
16,4965,1,2052,77.18
16,4966,1,2052,77.17
16,4967,1,2052,77.19
16,4968,1,2052,77.17
16,4969,1,2050,77.18
16,4970,1,2054,77.18
16,4971,1,2052,77.16
16,4972,1,2044,77.18
16,4973,1,2052,77.20
16,4974,1,2052,77.18
16,4975,1,2052,77.18
16,4976,1,2052,77.19
16,4977,1,2050,77.25
16,4978,1,2052,77.17
16,4979,1,2054,77.17
16,4980,1,2052,77.16
16,4981,1,2054,77.15
16,4982,1,2050,77.18
16,4983,1,2054,77.19
16,4984,1,2050,77.21
16,4985,1,2052,77.19
16,4986,1,2052,77.14
16,4987,1,2052,77.17
16,4988,1,2052,77.21
16,4989,1,2038,77.69
16,4990,1,2042,77.32
16,4991,1,2024,78.54
16,4992,1,2024,78.42
16,4993,1,2052,78.03
16,4994,1,2044,77.26
16,4995,1,2040,77.91
16,4996,1,2026,78.35
16,4997,1,2050,77.76
16,4998,1,2026,78.31
16,4999,1,2026,78.34
16,5000,1,2028,78.32
16,5001,1,2028,78.30
16,5002,1,2052,77.75
16,5003,1,2054,77.06
16,5004,1,2054,77.02
16,5005,1,2056,77.02
16,5006,1,2054,77.02
16,5007,1,2054,77.03
16,5008,1,2058,77.03
16,5009,1,2052,77.08
16,5010,1,2034,77.31
16,5011,1,2040,78.01
16,5012,1,2052,77.50
16,5013,1,2040,77.52
16,5014,1,2032,78.07
16,5015,1,2032,78.06
16,5016,1,2030,78.23
16,5017,1,2030,78.22
16,5018,1,2030,78.23
16,5019,1,2030,78.21
16,5020,1,2030,78.20
16,5021,1,2030,78.22
16,5022,1,2042,77.69
16,5023,1,2050,78.01
16,5024,1,2054,77.17
16,5025,1,2058,77.08
16,5026,1,2054,77.02
16,5027,1,2054,77.01
16,5028,1,2056,76.98
16,5029,1,2058,76.96
16,5030,1,2056,76.99
16,5031,1,2054,77.01
16,5032,1,2056,77.03
16,5033,1,2054,77.07
16,5034,1,2052,77.11
16,5035,1,2052,77.16
16,5036,1,2050,77.21
16,5037,1,2052,77.22
16,5038,1,2044,77.25
16,5039,1,2050,77.37
16,5040,1,2040,77.65
16,5041,1,2044,77.45
16,5042,1,2042,77.51
16,5043,1,2042,77.42
16,5044,1,2050,77.40
16,5045,1,2052,77.21
16,5046,1,2052,77.17
16,5047,1,2054,77.13
16,5048,1,2052,77.15
16,5049,1,2054,77.15
16,5050,1,2052,77.13
16,5051,1,2054,77.11
16,5052,1,2052,77.10
16,5053,1,2054,77.08
16,5054,1,2052,77.07
16,5055,1,2052,77.08
16,5056,1,2054,77.10
16,5057,1,2054,77.10
16,5058,1,2052,77.06
16,5059,1,2056,77.04
16,5060,1,2054,77.04
16,5061,1,2054,77.03
16,5062,1,2054,77.04
16,5063,1,2054,77.04
16,5064,1,2056,77.04
16,5065,1,2054,77.05
16,5066,1,2054,77.02
16,5067,1,2054,77.05
16,5068,1,2056,77.04
16,5069,1,2054,77.06
16,5070,1,2052,77.09
16,5071,1,2052,77.06
16,5072,1,2054,77.08
16,5073,1,2054,77.09
16,5074,1,2054,77.11
16,5075,1,2054,77.12
16,5076,1,2054,77.09
16,5077,1,2054,77.11
16,5078,1,2052,77.12
16,5079,1,2050,77.12
16,5080,1,2052,77.15
16,5081,1,2052,77.18
16,5082,1,2044,77.27
16,5083,1,2050,78.06
16,5084,1,2042,77.37
16,5085,1,2022,78.27
16,5086,1,2040,78.26
16,5087,1,2050,77.65
16,5088,1,2030,77.84
16,5089,1,2044,77.53
16,5090,1,2050,77.29
16,5091,1,2052,78.01
16,5092,1,2028,77.31
16,5093,1,2040,77.84
16,5094,1,2044,77.67
16,5095,1,2022,77.97
16,5096,1,2024,78.44
16,5097,1,2026,78.42
16,5098,1,2026,78.43
16,5099,1,2026,78.39
16,5100,1,2026,78.37
16,5101,1,2028,78.31
16,5102,1,2028,78.30
16,5103,1,2034,78.17
16,5104,1,2028,78.23
16,5105,1,2030,78.21
16,5106,1,2030,78.16
16,5107,1,2040,78.02
16,5108,1,2058,77.35
16,5109,1,2044,77.63
16,5110,1,2042,77.61
16,5111,1,2056,77.10
16,5112,1,2054,77.00
16,5113,1,2056,77.01
16,5114,1,2054,77.05
16,5115,1,2050,77.42
16,5116,1,2038,77.66
16,5117,1,2032,77.81
16,5118,1,2040,77.73
16,5119,1,2044,77.58
16,5120,1,2052,77.58
16,5121,1,2040,77.55
16,5122,1,2042,77.78
16,5123,1,2044,77.71
16,5124,1,2044,77.38
16,5125,1,2050,77.27
16,5126,1,2050,77.31
16,5127,1,2050,77.25
16,5128,1,2052,77.29
16,5129,1,2052,77.46
16,5130,1,2032,77.83
16,5131,1,2036,77.95
16,5132,1,2052,77.49
16,5133,1,2038,77.45
16,5134,1,2036,77.91
16,5135,1,2034,78.10
16,5136,1,2042,77.89
16,5137,1,2036,77.73
16,5138,1,2042,77.73
16,5139,1,2040,77.74
16,5140,1,2040,77.68
16,5141,1,2042,77.63
16,5142,1,2044,77.78
16,5143,1,2042,77.71
16,5144,1,2040,77.82
16,5145,1,2042,77.64
16,5146,1,2040,77.62
16,5147,1,2042,77.67
16,5148,1,2036,77.64
16,5149,1,2040,77.80
16,5150,1,2038,77.74
16,5151,1,2038,77.86
16,5152,1,2038,77.85
16,5153,1,2042,77.74
16,5154,1,2042,77.65
16,5155,1,2042,77.65
16,5156,1,2042,77.65
17,5157,1,2024,78.28
17,5158,1,2026,78.30
17,5159,1,2032,78.30
17,5160,1,2028,78.25
17,5161,1,2032,78.18
17,5162,1,2034,78.17
17,5163,1,2028,78.15
17,5164,1,2028,78.15
17,5165,1,2034,78.18
17,5166,1,2032,78.16
17,5167,1,2028,78.18
17,5168,1,2024,78.35
17,5169,1,2028,78.29
17,5170,1,2028,78.31
17,5171,1,2028,78.29
17,5172,1,2032,78.21
17,5173,1,2032,78.18
17,5174,1,2028,78.16
17,5175,1,2022,78.36
17,5176,1,2020,78.41
17,5177,1,2024,78.24
17,5178,1,2026,78.26
17,5179,1,2028,78.26
17,5180,1,2030,78.26
17,5181,1,2028,78.30
17,5182,1,2026,78.30
18,5183,1,2028,78.25
19,5184,1,2034,78.18
20,5185,1,2032,78.17
21,5186,1,2026,78.12
21,5187,1,2032,78.03
21,5188,1,2032,78.02
21,5189,1,2034,78.03
21,5190,1,2038,78.03
21,5191,1,2036,78.01
21,5192,1,2034,78.03
21,5193,1,2030,78.06
21,5194,1,2036,78.05
21,5195,1,2036,78.04
21,5196,1,2030,78.07
21,5197,1,2034,78.05
21,5198,1,2036,78.05
21,5199,1,2032,78.05
21,5200,1,2032,78.02
21,5201,1,2028,78.02
21,5202,1,2034,78.02
21,5203,1,2036,78.03
21,5204,1,2032,78.04
21,5205,1,2034,78.06
21,5206,1,2034,78.05
21,5207,1,2036,78.04
21,5208,1,2030,78.05
21,5209,1,2034,78.05
21,5210,1,2034,78.04
21,5211,1,2030,78.05
21,5212,1,2034,78.05
21,5213,1,2032,78.05
21,5214,1,2036,78.06
21,5215,1,2034,78.06
21,5216,1,2032,78.06
21,5217,1,2030,78.10
21,5218,1,2036,78.10
21,5219,1,2028,78.11
21,5220,1,2036,78.08
21,5221,1,2036,78.08
21,5222,1,2032,78.07
21,5223,1,2032,78.10
21,5224,1,2034,78.11
21,5225,1,2032,78.13
21,5226,1,2032,78.17
21,5227,1,2030,78.13
21,5228,1,2028,78.14
21,5229,1,2030,78.17
21,5230,1,2030,78.13
21,5231,1,2030,78.11
21,5232,1,2032,78.12
21,5233,1,2032,78.12
21,5234,1,2034,78.11
21,5235,1,2034,78.09
21,5236,1,2036,78.09
21,5237,1,2034,78.00
21,5238,1,2034,78.03
21,5239,1,2034,78.04
21,5240,1,2032,78.06
21,5241,1,2030,78.06
21,5242,1,2036,78.05
21,5243,1,2032,78.08
21,5244,1,2032,78.11
21,5245,1,2038,77.92
21,5246,1,2036,77.82
21,5247,1,2038,77.84
21,5248,1,2038,77.81
21,5249,1,2040,77.83
21,5250,1,2040,77.78
21,5251,1,2040,77.79
21,5252,1,2038,77.82
21,5253,1,2038,77.83
21,5254,1,2038,77.86
21,5255,1,2036,77.85
21,5256,1,2038,77.80
21,5257,1,2040,77.80
21,5258,1,2040,77.77
21,5259,1,2038,77.78
21,5260,1,2036,77.78
21,5261,1,2038,77.77
21,5262,1,2040,77.82
21,5263,1,2038,77.77
21,5264,1,2038,77.79
21,5265,1,2040,77.79
21,5266,1,2038,77.78
21,5267,1,2038,77.78
21,5268,1,2038,77.75
21,5269,1,2040,77.75
21,5270,1,2040,77.76
21,5271,1,2042,77.73
21,5272,1,2040,77.73
21,5273,1,2040,77.74
21,5274,1,2040,77.74
21,5275,1,2040,77.74
21,5276,1,2040,77.76
21,5277,1,2038,77.75
21,5278,1,2040,77.76
21,5279,1,2042,77.75
21,5280,1,2040,77.74
21,5281,1,2040,77.72
21,5282,1,2040,77.73
21,5283,1,2042,77.72
21,5284,1,2040,77.71
21,5285,1,2040,77.70
21,5286,1,2038,77.69
21,5287,1,2040,77.69
21,5288,1,2040,77.72
21,5289,1,2038,77.78
21,5290,1,2038,77.79
21,5291,1,2036,77.84
21,5292,1,2036,77.87
21,5293,1,2036,77.85
21,5294,1,2036,77.85
21,5295,1,2038,77.84
21,5296,1,2040,77.82
21,5297,1,2040,77.81
21,5298,1,2040,77.81
21,5299,1,2038,77.79
21,5300,1,2040,77.77
21,5301,1,2040,77.79
21,5302,1,2038,77.76
21,5303,1,2038,77.75
21,5304,1,2042,77.74
21,5305,1,2040,77.74
21,5306,1,2040,77.74
21,5307,1,2050,77.69
21,5308,1,2040,77.71
21,5309,1,2040,77.74
21,5310,1,2040,77.71
21,5311,1,2040,77.68
21,5312,1,2042,77.65
21,5313,1,2038,77.67
21,5314,1,2040,77.67
21,5315,1,2040,77.64
21,5316,1,2042,77.62
21,5317,1,2042,77.66
21,5318,1,2042,77.71
21,5319,1,2042,77.73
21,5320,1,2040,77.70
21,5321,1,2040,77.72
21,5322,1,2042,77.71
21,5323,1,2038,77.73
21,5324,1,2042,77.67
21,5325,1,2044,77.63
21,5326,1,2040,77.68
21,5327,1,2038,77.72
21,5328,1,2040,77.70
21,5329,1,2040,77.65
21,5330,1,2042,77.65
21,5331,1,2042,77.63
21,5332,1,2042,77.65
21,5333,1,2040,77.65
21,5334,1,2040,77.70
21,5335,1,2038,77.75
21,5336,1,2040,77.77
21,5337,1,2040,77.73
21,5338,1,2040,77.74
21,5339,1,2040,77.77
21,5340,1,2038,77.77
21,5341,1,2040,77.75
21,5342,1,2038,77.75
21,5343,1,2042,77.74
21,5344,1,2042,77.66
21,5345,1,2038,77.69
21,5346,1,2040,77.72
21,5347,1,2040,77.71
21,5348,1,2042,77.72
21,5349,1,2038,77.68
21,5350,1,2040,77.70
21,5351,1,2040,77.71
21,5352,1,2040,77.71
21,5353,1,2040,77.64
21,5354,1,2040,77.61
21,5355,1,2042,77.60
21,5356,1,2042,77.63
21,5357,1,2044,77.62
21,5358,1,2042,77.61
21,5359,1,2042,77.63
21,5360,1,2042,77.63
21,5361,1,2042,77.65
21,5362,1,2042,77.66
21,5363,1,2040,77.67
21,5364,1,2042,77.66
21,5365,1,2040,77.66
21,5366,1,2042,77.66
21,5367,1,2042,77.66
21,5368,1,2042,77.65
21,5369,1,2042,77.64
21,5370,1,2042,77.65
21,5371,1,2042,77.64
21,5372,1,2042,77.63
21,5373,1,2042,77.64
21,5374,1,2042,77.65
21,5375,1,2044,77.67
21,5376,1,2040,77.67
21,5377,1,2042,77.66
21,5378,1,2044,77.67
21,5379,1,2040,77.67
21,5380,1,2042,77.66
21,5381,1,2042,77.67
21,5382,1,2042,77.69
21,5383,1,2042,77.67
21,5384,1,2040,77.72
21,5385,1,2040,77.70
21,5386,1,2040,77.73
21,5387,1,2040,77.72
21,5388,1,2040,77.72
21,5389,1,2042,77.68
21,5390,1,2042,77.59
21,5391,1,2040,77.59
21,5392,1,2042,77.68
21,5393,1,2040,77.68
21,5394,1,2040,77.68
21,5395,1,2040,77.69
21,5396,1,2040,77.70
21,5397,1,2040,77.64
21,5398,1,2042,77.61
21,5399,1,2042,77.67
21,5400,1,2042,77.63
21,5401,1,2050,77.58
21,5402,1,2042,77.55
21,5403,1,2044,77.60
21,5404,1,2040,77.65
21,5405,1,2042,77.67
21,5406,1,2042,77.62
21,5407,1,2040,77.57
21,5408,1,2040,77.62
21,5409,1,2044,77.63
21,5410,1,2040,77.58
21,5411,1,2042,77.62
21,5412,1,2040,77.65
21,5413,1,2040,77.57
21,5414,1,2042,77.64
21,5415,1,2042,77.61
21,5416,1,2042,77.62
21,5417,1,2044,77.50
21,5418,1,2042,77.54
21,5419,1,2050,77.54
21,5420,1,2044,77.49
21,5421,1,2042,77.51
21,5422,1,2050,77.50
21,5423,1,2042,77.51
21,5424,1,2050,77.50
21,5425,1,2042,77.59
21,5426,1,2042,77.65
21,5427,1,2042,77.61
21,5428,1,2044,77.62
22,5429,1,2058,85.84
22,5430,1,2064,76.64
22,5431,1,2062,76.59
22,5432,1,2064,76.59
22,5433,1,2064,76.57
22,5434,1,2066,76.57
22,5435,1,2066,76.55
22,5436,1,2064,76.56
22,5437,1,2064,76.54
22,5438,1,2062,76.55
22,5439,1,2066,76.55
22,5440,1,2066,76.53
22,5441,1,2066,76.50
22,5442,1,2066,76.47
22,5443,1,2066,76.51
22,5444,1,2064,76.50
22,5445,1,2064,76.54
22,5446,1,2064,76.54
22,5447,1,2066,76.53
22,5448,1,2066,76.55
22,5449,1,2066,76.54
22,5450,1,2064,76.52
22,5451,1,2066,76.47
22,5452,1,2066,76.47
22,5453,1,2068,76.46
22,5454,1,2068,76.47
22,5455,1,2066,76.47
22,5456,1,2068,76.46
22,5457,1,2066,76.49
22,5458,1,2066,76.49
22,5459,1,2066,76.50
22,5460,1,2066,76.47
22,5461,1,2066,76.49
22,5462,1,2064,76.47
22,5463,1,2066,76.49
22,5464,1,2064,76.51
22,5465,1,2068,76.48
22,5466,1,2066,76.49
22,5467,1,2066,76.51
22,5468,1,2066,76.52
22,5469,1,2066,76.52
22,5470,1,2068,76.52
22,5471,1,2066,76.51
22,5472,1,2066,76.50
22,5473,1,2066,76.51
22,5474,1,2064,76.52
22,5475,1,2066,76.51
22,5476,1,2064,76.51
22,5477,1,2066,76.52
22,5478,1,2064,76.51
22,5479,1,2066,76.51
22,5480,1,2064,76.53
22,5481,1,2064,76.52
22,5482,1,2066,76.50
22,5483,1,2066,76.51
22,5484,1,2066,76.50
22,5485,1,2066,76.49
22,5486,1,2066,76.50
22,5487,1,2066,76.49
22,5488,1,2068,76.46
22,5489,1,2068,76.45
22,5490,1,2066,76.46
22,5491,1,2068,76.46
22,5492,1,2068,76.50
22,5493,1,2068,76.50
22,5494,1,2066,76.50
22,5495,1,2066,76.50
22,5496,1,2066,76.49
22,5497,1,2066,76.49
22,5498,1,2066,76.49
22,5499,1,2066,76.48
22,5500,1,2068,76.47
22,5501,1,2068,76.46
22,5502,1,2066,76.46
22,5503,1,2066,76.45
22,5504,1,2066,76.45
22,5505,1,2068,76.44
22,5506,1,2068,76.44
22,5507,1,2068,76.40
22,5508,1,2068,76.39
22,5509,1,2068,76.42
22,5510,1,2068,76.42
22,5511,1,2068,76.43
22,5512,1,2066,76.42
22,5513,1,2068,76.41
22,5514,1,2070,76.39
22,5515,1,2068,76.38
22,5516,1,2068,76.40
22,5517,1,2068,76.38
22,5518,1,2068,76.39
22,5519,1,2066,76.41
22,5520,1,2068,76.42
22,5521,1,2066,76.41
22,5522,1,2068,76.41
22,5523,1,2068,76.42
22,5524,1,2068,76.41
22,5525,1,2068,76.42
22,5526,1,2068,76.42
22,5527,1,2066,76.43
22,5528,1,2066,76.43
22,5529,1,2066,76.43
22,5530,1,2068,76.43
22,5531,1,2068,76.41
22,5532,1,2066,76.40
22,5533,1,2068,76.42
22,5534,1,2066,76.43
22,5535,1,2068,76.42
22,5536,1,2068,76.41
22,5537,1,2068,76.41
22,5538,1,2068,76.41
22,5539,1,2068,76.41
22,5540,1,2068,76.40
22,5541,1,2066,76.41
22,5542,1,2066,76.41
22,5543,1,2068,76.40
22,5544,1,2068,76.40
22,5545,1,2068,76.39
22,5546,1,2070,76.39
22,5547,1,2068,76.38
22,5548,1,2070,76.37
22,5549,1,2070,76.38
22,5550,1,2070,76.37
22,5551,1,2068,76.36
22,5552,1,2068,76.37
22,5553,1,2070,76.35
22,5554,1,2068,76.35
22,5555,1,2068,76.35
22,5556,1,2068,76.34
22,5557,1,2068,76.34
22,5558,1,2068,76.34
22,5559,1,2070,76.34
22,5560,1,2070,76.35
22,5561,1,2070,76.34
22,5562,1,2068,76.34
22,5563,1,2070,76.33
22,5564,1,2070,76.33
22,5565,1,2070,76.32
22,5566,1,2070,76.32
22,5567,1,2070,76.33
22,5568,1,2068,76.31
22,5569,1,2070,76.32
22,5570,1,2070,76.31
22,5571,1,2068,76.31
22,5572,1,2070,76.32
22,5573,1,2072,76.31
22,5574,1,2070,76.31
22,5575,1,2070,76.31
22,5576,1,2070,76.31
22,5577,1,2070,76.32
22,5578,1,2070,76.33
22,5579,1,2070,76.32
22,5580,1,2070,76.31
22,5581,1,2070,76.30
22,5582,1,2070,76.32
22,5583,1,2070,76.30
22,5584,1,2070,76.31
22,5585,1,2070,76.31
22,5586,1,2070,76.31
22,5587,1,2072,76.30
22,5588,1,2070,76.31
22,5589,1,2070,76.31
22,5590,1,2070,76.32
22,5591,1,2070,76.32
22,5592,1,2070,76.31
22,5593,1,2070,76.31
22,5594,1,2070,76.29
22,5595,1,2072,76.30
22,5596,1,2072,76.29
22,5597,1,2070,76.29
22,5598,1,2070,76.30
22,5599,1,2072,76.29
22,5600,1,2070,76.29
22,5601,1,2070,76.30
22,5602,1,2070,76.30
22,5603,1,2070,76.29
22,5604,1,2070,76.28
22,5605,1,2070,76.28
22,5606,1,2070,76.28
22,5607,1,2068,76.28
22,5608,1,2070,76.29
22,5609,1,2072,76.28
22,5610,1,2072,76.28
22,5611,1,2070,76.27
22,5612,1,2070,76.27
22,5613,1,2072,76.27
22,5614,1,2070,76.26
22,5615,1,2072,76.26
22,5616,1,2070,76.29
22,5617,1,2072,76.27
22,5618,1,2070,76.26
22,5619,1,2072,76.26
22,5620,1,2070,76.27
22,5621,1,2072,76.27
22,5622,1,2070,76.27
22,5623,1,2072,76.27
22,5624,1,2070,76.28
22,5625,1,2072,76.26
22,5626,1,2072,76.26
22,5627,1,2072,76.26
22,5628,1,2070,76.27
22,5629,1,2070,76.27
22,5630,1,2072,76.24
22,5631,1,2072,76.27
22,5632,1,2072,76.24
22,5633,1,2070,76.26
22,5634,1,2072,76.26
22,5635,1,2072,76.26
22,5636,1,2072,76.26
22,5637,1,2072,76.26
22,5638,1,2072,76.25
22,5639,1,2072,76.25
22,5640,1,2070,76.26
22,5641,1,2072,76.26
22,5642,1,2072,76.25
22,5643,1,2070,76.26
22,5644,1,2072,76.24
22,5645,1,2072,76.25
22,5646,1,2070,76.25
22,5647,1,2070,76.25
22,5648,1,2070,76.25
22,5649,1,2072,76.25
22,5650,1,2070,76.24
22,5651,1,2072,76.24
22,5652,1,2072,76.24
22,5653,1,2070,76.23
22,5654,1,2072,76.24
22,5655,1,2072,76.24
22,5656,1,2072,76.24
22,5657,1,2072,76.23
22,5658,1,2072,76.23
22,5659,1,2070,76.23
22,5660,1,2070,76.24
22,5661,1,2072,76.24
22,5662,1,2072,76.22
22,5663,1,2072,76.24
22,5664,1,2072,76.24
22,5665,1,2072,76.23
22,5666,1,2072,76.23
22,5667,1,2072,76.23
22,5668,1,2074,76.22
22,5669,1,2070,76.22
22,5670,1,2072,76.22
22,5671,1,2072,76.23
22,5672,1,2072,76.23
22,5673,1,2072,76.22
22,5674,1,2072,76.23
22,5675,1,2072,76.22
22,5676,1,2070,76.22
22,5677,1,2072,76.21
22,5678,1,2074,76.22
22,5679,1,2074,76.21
22,5680,1,2072,76.22
22,5681,1,2072,76.22
22,5682,1,2074,76.22
22,5683,1,2072,76.22
22,5684,1,2070,76.23
22,5685,1,2072,76.22
22,5686,1,2070,76.21
22,5687,1,2070,76.21
22,5688,1,2074,76.21
22,5689,1,2072,76.20
22,5690,1,2072,76.20
22,5691,1,2074,76.21
22,5692,1,2072,76.21
22,5693,1,2072,76.21
22,5694,1,2072,76.20
22,5695,1,2072,76.20
22,5696,1,2074,76.20
22,5697,1,2072,76.20
22,5698,1,2072,76.20
22,5699,1,2072,76.18
22,5700,1,2072,76.20
22,5701,1,2074,76.19
22,5702,1,2072,76.20
22,5703,1,2074,76.19
22,5704,1,2072,76.19
22,5705,1,2070,76.18
22,5706,1,2072,76.19
22,5707,1,2072,76.18
22,5708,1,2072,76.16
22,5709,1,2074,76.17
22,5710,1,2070,76.19
22,5711,1,2074,76.18
22,5712,1,2072,76.18
22,5713,1,2074,76.17
22,5714,1,2074,76.17
22,5715,1,2072,76.18
22,5716,1,2072,76.16
22,5717,1,2072,76.17
22,5718,1,2074,76.18
22,5719,1,2074,76.17
22,5720,1,2072,76.15
22,5721,1,2074,76.17
22,5722,1,2076,76.17
22,5723,1,2072,76.17
22,5724,1,2072,76.16
22,5725,1,2072,76.15
22,5726,1,2072,76.17
22,5727,1,2072,76.18
22,5728,1,2072,76.14
22,5729,1,2074,76.16
22,5730,1,2072,76.15
22,5731,1,2072,76.15
22,5732,1,2072,76.16
22,5733,1,2074,76.16
22,5734,1,2074,76.15
22,5735,1,2074,76.14
22,5736,1,2074,76.14
22,5737,1,2072,76.16
22,5738,1,2072,76.14
22,5739,1,2072,76.15
22,5740,1,2074,76.14
22,5741,1,2074,76.15
22,5742,1,2074,76.15
22,5743,1,2072,76.15
22,5744,1,2074,76.14
22,5745,1,2076,76.13
22,5746,1,2076,76.13
22,5747,1,2074,76.14
22,5748,1,2072,76.12
22,5749,1,2072,76.14
22,5750,1,2072,76.13
22,5751,1,2074,76.15
22,5752,1,2074,76.14
22,5753,1,2072,76.14
22,5754,1,2074,76.13
22,5755,1,2074,76.13
22,5756,1,2076,76.12
22,5757,1,2074,76.13
22,5758,1,2074,76.12
22,5759,1,2072,76.12
22,5760,1,2074,76.11
22,5761,1,2074,76.12
22,5762,1,2072,76.11
22,5763,1,2076,76.12
22,5764,1,2076,76.13
22,5765,1,2072,76.12
22,5766,1,2074,76.12
22,5767,1,2074,76.12
22,5768,1,2072,76.11
22,5769,1,2074,76.12
22,5770,1,2074,76.10
22,5771,1,2072,76.12
22,5772,1,2074,76.10
22,5773,1,2074,76.11
22,5774,1,2074,76.12
22,5775,1,2074,76.11
22,5776,1,2072,76.11
22,5777,1,2072,76.11
22,5778,1,2072,76.11
22,5779,1,2074,76.08
22,5780,1,2074,76.11
22,5781,1,2074,76.09
22,5782,1,2076,76.09
22,5783,1,2076,76.08
22,5784,1,2074,76.09
22,5785,1,2074,76.08
22,5786,1,2074,76.09
22,5787,1,2074,76.08
22,5788,1,2076,76.08
22,5789,1,2074,76.09
22,5790,1,2072,76.09
22,5791,1,2074,76.10
22,5792,1,2074,76.10
22,5793,1,2074,76.09
22,5794,1,2074,76.08
22,5795,1,2076,76.09
22,5796,1,2076,76.08
22,5797,1,2074,76.09
22,5798,1,2074,76.08
22,5799,1,2074,76.08
22,5800,1,2074,76.08
22,5801,1,2074,76.08
22,5802,1,2074,76.07
22,5803,1,2074,76.08
22,5804,1,2074,76.08
22,5805,1,2076,76.08
22,5806,1,2074,76.08
22,5807,1,2076,76.07
22,5808,1,2076,76.07
22,5809,1,2074,76.06
22,5810,1,2076,76.06
22,5811,1,2074,76.06
22,5812,1,2076,76.07
22,5813,1,2076,76.07
22,5814,1,2074,76.05
22,5815,1,2076,76.06
22,5816,1,2076,76.07
22,5817,1,2076,76.06
22,5818,1,2076,76.06
22,5819,1,2074,76.05
22,5820,1,2076,76.06
22,5821,1,2074,76.05
22,5822,1,2074,76.05
22,5823,1,2074,76.06
22,5824,1,2076,76.04
22,5825,1,2076,76.04
22,5826,1,2076,76.06
22,5827,1,2074,76.04
22,5828,1,2076,76.05
22,5829,1,2076,76.05
22,5830,1,2074,76.05
22,5831,1,2076,76.05
22,5832,1,2076,76.05
22,5833,1,2074,76.05
22,5834,1,2074,76.04
22,5835,1,2076,76.04
22,5836,1,2074,76.05
22,5837,1,2074,76.05
22,5838,1,2076,76.04
22,5839,1,2076,76.04
22,5840,1,2076,76.04
22,5841,1,2074,76.05
22,5842,1,2076,76.04
22,5843,1,2076,76.03
22,5844,1,2076,76.04
22,5845,1,2078,76.03
22,5846,1,2074,76.04
22,5847,1,2074,76.03
22,5848,1,2078,76.04
22,5849,1,2078,76.03
22,5850,1,2076,76.01
22,5851,1,2076,76.03
22,5852,1,2074,76.03
22,5853,1,2074,76.02
22,5854,1,2078,76.02
22,5855,1,2078,76.02
22,5856,1,2076,76.02
22,5857,1,2076,76.02
22,5858,1,2076,76.03
22,5859,1,2076,76.03
22,5860,1,2076,76.03
22,5861,1,2076,76.02
22,5862,1,2076,76.02
22,5863,1,2076,76.02
22,5864,1,2078,76.01
22,5865,1,2076,76.01
22,5866,1,2076,76.01
22,5867,1,2078,76.02
22,5868,1,2076,76.02
22,5869,1,2074,76.00
22,5870,1,2076,76.01
22,5871,1,2076,76.02
22,5872,1,2078,76.02
22,5873,1,2078,76.01
22,5874,1,2076,75.99
22,5875,1,2076,76.01
22,5876,1,2078,76.01
22,5877,1,2078,76.00
22,5878,1,2076,76.00
22,5879,1,2076,76.00
22,5880,1,2076,76.00
22,5881,1,2076,76.01
22,5882,1,2078,76.00
22,5883,1,2076,75.99
22,5884,1,2078,76.00
22,5885,1,2078,75.99
22,5886,1,2076,75.99
22,5887,1,2076,76.00
22,5888,1,2078,75.98
22,5889,1,2078,75.99
22,5890,1,2076,75.98
22,5891,1,2076,75.99
22,5892,1,2078,75.98
22,5893,1,2076,76.00
22,5894,1,2076,75.99
22,5895,1,2078,75.99
22,5896,1,2076,75.99
22,5897,1,2076,75.98
22,5898,1,2076,75.96
22,5899,1,2076,75.98
22,5900,1,2076,75.98
22,5901,1,2078,75.99
22,5902,1,2076,75.98
22,5903,1,2078,75.97
22,5904,1,2076,75.98
22,5905,1,2078,75.97
22,5906,1,2076,75.98
22,5907,1,2076,75.96
22,5908,1,2076,75.96
22,5909,1,2078,75.97
22,5910,1,2078,75.97
22,5911,1,2078,75.97
22,5912,1,2078,75.97
22,5913,1,2078,75.97
22,5914,1,2078,75.94
22,5915,1,2078,75.97
22,5916,1,2078,75.96
22,5917,1,2078,75.98
22,5918,1,2078,75.95
22,5919,1,2078,75.96
22,5920,1,2078,75.95
22,5921,1,2078,75.95
22,5922,1,2080,75.94
22,5923,1,2080,75.94
22,5924,1,2076,75.96
22,5925,1,2078,75.95
22,5926,1,2078,75.94
22,5927,1,2078,75.94
22,5928,1,2076,75.95
22,5929,1,2078,75.96
22,5930,1,2076,75.95
22,5931,1,2078,75.94
22,5932,1,2078,75.94
22,5933,1,2076,75.95
22,5934,1,2078,75.96
22,5935,1,2076,75.95
22,5936,1,2076,75.95
22,5937,1,2076,75.94
22,5938,1,2078,75.94
22,5939,1,2078,75.92
22,5940,1,2078,75.93
22,5941,1,2080,75.94
22,5942,1,2078,75.94
22,5943,1,2080,75.93
22,5944,1,2078,75.94
22,5945,1,2078,75.94
22,5946,1,2078,75.92
22,5947,1,2076,75.93
22,5948,1,2078,75.94
22,5949,1,2078,75.93
22,5950,1,2078,75.92
22,5951,1,2078,75.93
22,5952,1,2078,75.93
22,5953,1,2078,75.93
22,5954,1,2080,75.92
22,5955,1,2078,75.91
22,5956,1,2078,75.92
22,5957,1,2078,75.93
22,5958,1,2078,75.94
22,5959,1,2078,75.93
22,5960,1,2078,75.92
22,5961,1,2078,75.93
22,5962,1,2078,75.92
22,5963,1,2078,75.92
22,5964,1,2078,75.93
22,5965,1,2078,75.92
22,5966,1,2078,75.92
22,5967,1,2078,75.92
22,5968,1,2078,75.91
22,5969,1,2080,75.92
22,5970,1,2080,75.90
22,5971,1,2078,75.92
22,5972,1,2078,75.93
22,5973,1,2076,75.91
22,5974,1,2080,75.91
22,5975,1,2078,75.91
22,5976,1,2078,75.90
22,5977,1,2080,75.91
22,5978,1,2078,75.91
22,5979,1,2080,75.91
22,5980,1,2078,75.90
22,5981,1,2078,75.91
22,5982,1,2078,75.91
22,5983,1,2078,75.89
22,5984,1,2080,75.90
22,5985,1,2078,75.90
22,5986,1,2078,75.90
22,5987,1,2078,75.90
22,5988,1,2080,75.90
22,5989,1,2078,75.89
22,5990,1,2078,75.90
22,5991,1,2080,75.90
22,5992,1,2080,75.88
22,5993,1,2080,75.89
22,5994,1,2080,75.89
22,5995,1,2078,75.90
22,5996,1,2080,75.89
22,5997,1,2078,75.89
22,5998,1,2080,75.88
22,5999,1,2080,75.89
22,6000,1,2078,75.90
22,6001,1,2080,75.89
22,6002,1,2080,75.89
22,6003,1,2080,75.89
22,6004,1,2078,75.88
22,6005,1,2080,75.89
22,6006,1,2078,75.90
22,6007,1,2080,75.89
22,6008,1,2080,75.88
22,6009,1,2078,75.89
22,6010,1,2078,75.88
22,6011,1,2080,75.88
22,6012,1,2076,75.87
22,6013,1,2080,75.88
22,6014,1,2078,75.88
22,6015,1,2078,75.88
22,6016,1,2078,75.88
22,6017,1,2080,75.87
22,6018,1,2080,75.88
22,6019,1,2080,75.86
22,6020,1,2080,75.87
22,6021,1,2078,75.87
22,6022,1,2080,75.87
22,6023,1,2078,75.86
22,6024,1,2078,75.87
22,6025,1,2080,75.87
22,6026,1,2080,75.87
22,6027,1,2078,75.87
22,6028,1,2078,75.86
22,6029,1,2080,75.87
22,6030,1,2080,75.88
22,6031,1,2078,75.86
22,6032,1,2078,75.86
22,6033,1,2080,75.87
22,6034,1,2080,75.86
22,6035,1,2080,75.85
22,6036,1,2082,75.87
22,6037,1,2080,75.86
22,6038,1,2082,75.85
22,6039,1,2080,75.85
22,6040,1,2080,75.86
22,6041,1,2080,75.86
22,6042,1,2080,75.84
22,6043,1,2082,75.84
22,6044,1,2082,75.86
22,6045,1,2082,75.85
22,6046,1,2078,75.85
22,6047,1,2080,75.84
22,6048,1,2080,75.85
22,6049,1,2082,75.84
22,6050,1,2080,75.84
22,6051,1,2080,75.85
22,6052,1,2080,75.84
22,6053,1,2080,75.86
22,6054,1,2078,75.86
22,6055,1,2080,75.85
22,6056,1,2078,75.85
22,6057,1,2078,75.85
22,6058,1,2080,75.84
22,6059,1,2080,75.84
22,6060,1,2082,75.84
22,6061,1,2080,75.84
22,6062,1,2080,75.83
22,6063,1,2080,75.82
22,6064,1,2082,75.84
22,6065,1,2078,75.84
22,6066,1,2082,75.83
22,6067,1,2080,75.83
22,6068,1,2080,75.82
22,6069,1,2078,75.83
22,6070,1,2080,75.83
22,6071,1,2078,75.84
22,6072,1,2080,75.84
22,6073,1,2078,75.82
22,6074,1,2080,75.84
22,6075,1,2078,75.83
22,6076,1,2080,75.83
22,6077,1,2078,75.84
22,6078,1,2080,75.83
22,6079,1,2082,75.84
22,6080,1,2080,75.84
22,6081,1,2082,75.82
22,6082,1,2080,75.83
22,6083,1,2080,75.83
22,6084,1,2082,75.83
22,6085,1,2078,75.83
22,6086,1,2078,75.82
22,6087,1,2080,75.82
22,6088,1,2082,75.81
22,6089,1,2082,75.82
22,6090,1,2082,75.82
22,6091,1,2078,75.82
22,6092,1,2080,75.83
22,6093,1,2080,75.82
22,6094,1,2082,75.81
22,6095,1,2078,75.81
22,6096,1,2080,75.80
22,6097,1,2082,75.82
22,6098,1,2080,75.83
22,6099,1,2082,75.81
22,6100,1,2082,75.80
22,6101,1,2078,75.82
22,6102,1,2080,75.81
22,6103,1,2080,75.80
22,6104,1,2080,75.79
22,6105,1,2082,75.80
22,6106,1,2082,75.80
22,6107,1,2084,75.80
22,6108,1,2080,75.80
22,6109,1,2080,75.80
22,6110,1,2080,75.81
22,6111,1,2082,75.80
22,6112,1,2082,75.81
22,6113,1,2080,75.80
22,6114,1,2080,75.80
22,6115,1,2082,75.80
22,6116,1,2080,75.79
22,6117,1,2082,75.79
22,6118,1,2082,75.79
22,6119,1,2080,75.80
22,6120,1,2078,75.79
22,6121,1,2082,75.79
22,6122,1,2082,75.80
22,6123,1,2080,75.79
22,6124,1,2084,75.79
22,6125,1,2082,75.78
22,6126,1,2080,75.79
22,6127,1,2082,75.79
22,6128,1,2080,75.77
22,6129,1,2080,75.79
22,6130,1,2080,75.78
22,6131,1,2082,75.78
22,6132,1,2082,75.78
22,6133,1,2082,75.78
22,6134,1,2080,75.80
22,6135,1,2080,75.78
22,6136,1,2082,75.77
22,6137,1,2082,75.79
22,6138,1,2082,75.78
22,6139,1,2080,75.77
22,6140,1,2082,75.78
22,6141,1,2082,75.77
22,6142,1,2080,75.77
22,6143,1,2082,75.76
22,6144,1,2082,75.77
22,6145,1,2082,75.78
22,6146,1,2082,75.78
22,6147,1,2082,75.76
22,6148,1,2082,75.77
22,6149,1,2080,75.78
22,6150,1,2082,75.76
22,6151,1,2082,75.77
22,6152,1,2082,75.77
22,6153,1,2082,75.76
22,6154,1,2080,75.77
22,6155,1,2080,75.76
22,6156,1,2084,75.76
22,6157,1,2082,75.76
22,6158,1,2080,75.75
22,6159,1,2080,75.77
22,6160,1,2082,75.76
22,6161,1,2084,75.77
22,6162,1,2082,75.76
22,6163,1,2082,75.76
22,6164,1,2082,75.75
22,6165,1,2082,75.77
22,6166,1,2082,75.75
22,6167,1,2080,75.77
22,6168,1,2080,75.76
22,6169,1,2080,75.75
22,6170,1,2082,75.76
22,6171,1,2080,75.77
22,6172,1,2082,75.75
22,6173,1,2082,75.75
22,6174,1,2084,75.75
22,6175,1,2084,75.75
22,6176,1,2082,75.75
22,6177,1,2082,75.76
22,6178,1,2082,75.75
22,6179,1,2082,75.74
22,6180,1,2082,75.75
22,6181,1,2082,75.75
22,6182,1,2082,75.75
22,6183,1,2082,75.74
22,6184,1,2082,75.74
22,6185,1,2082,75.75
22,6186,1,2082,75.74
22,6187,1,2082,75.74
22,6188,1,2084,75.74
22,6189,1,2082,75.74
22,6190,1,2080,75.73
22,6191,1,2082,75.74
22,6192,1,2084,75.73
22,6193,1,2080,75.73
22,6194,1,2082,75.73
22,6195,1,2082,75.74
22,6196,1,2084,75.74
22,6197,1,2084,75.74
22,6198,1,2082,75.72
22,6199,1,2084,75.73
22,6200,1,2082,75.74
22,6201,1,2082,75.74
22,6202,1,2082,75.74
22,6203,1,2084,75.73
22,6204,1,2082,75.73
22,6205,1,2084,75.73
22,6206,1,2084,75.71
22,6207,1,2084,75.73
22,6208,1,2084,75.72
22,6209,1,2082,75.73
22,6210,1,2082,75.73
22,6211,1,2082,75.72
22,6212,1,2082,75.73
22,6213,1,2082,75.73
22,6214,1,2084,75.73
22,6215,1,2082,75.74
22,6216,1,2084,75.72
22,6217,1,2082,75.72
22,6218,1,2082,75.71
22,6219,1,2084,75.72
22,6220,1,2084,75.72
22,6221,1,2084,75.73
22,6222,1,2082,75.72
22,6223,1,2084,75.73
22,6224,1,2084,75.72
22,6225,1,2082,75.73
22,6226,1,2084,75.74
22,6227,1,2084,75.73
22,6228,1,2084,75.73
22,6229,1,2082,75.73
22,6230,1,2080,75.73
22,6231,1,2082,75.72
22,6232,1,2080,75.74
22,6233,1,2082,75.73
22,6234,1,2082,75.73
22,6235,1,2082,75.72
22,6236,1,2084,75.73
22,6237,1,2082,75.73
22,6238,1,2084,75.73
22,6239,1,2082,75.72
22,6240,1,2082,75.74
22,6241,1,2082,75.74
22,6242,1,2082,75.73
22,6243,1,2084,75.73
22,6244,1,2082,75.73
22,6245,1,2082,75.74
22,6246,1,2084,75.73
22,6247,1,2084,75.74
22,6248,1,2084,75.73
22,6249,1,2080,75.73
22,6250,1,2082,75.73
22,6251,1,2084,75.74
22,6252,1,2080,75.73
22,6253,1,2080,75.75
22,6254,1,2082,75.74
22,6255,1,2082,75.74
22,6256,1,2084,75.75
22,6257,1,2082,75.74
22,6258,1,2082,75.75
22,6259,1,2082,75.73
22,6260,1,2082,75.73
22,6261,1,2082,75.71
22,6262,1,2082,75.74
22,6263,1,2082,75.73
22,6264,1,2082,75.72
22,6265,1,2084,75.72
22,6266,1,2082,75.73
22,6267,1,2082,75.73
22,6268,1,2082,75.74
22,6269,1,2082,75.71
22,6270,1,2082,75.73
22,6271,1,2084,75.74
22,6272,1,2082,75.73
22,6273,1,2080,75.73
22,6274,1,2084,75.73
22,6275,1,2084,75.74
22,6276,1,2084,75.72
22,6277,1,2080,75.73
22,6278,1,2082,75.75
22,6279,1,2082,75.75
22,6280,1,2080,75.81
22,6281,1,2078,75.83
22,6282,1,2080,75.87
22,6283,1,2078,75.89
22,6284,1,2078,75.90
22,6285,1,2080,75.92
22,6286,1,2078,75.96
22,6287,1,2078,76.01
22,6288,1,2076,76.04
22,6289,1,2076,76.05
22,6290,1,2076,76.08
22,6291,1,2072,76.11
22,6292,1,2074,76.13
22,6293,1,2074,76.16
22,6294,1,2076,76.19
22,6295,1,2074,76.22
22,6296,1,2070,76.25
22,6297,1,2068,76.33
22,6298,1,2068,76.43
22,6299,1,2066,76.52
22,6300,1,2066,76.54
22,6301,1,2068,76.55
22,6302,1,2068,76.52
22,6303,1,2064,76.55
22,6304,1,2066,76.52
22,6305,1,2064,76.53
22,6306,1,2064,76.51
22,6307,1,2066,76.50
22,6308,1,2064,76.51
22,6309,1,2064,76.51
22,6310,1,2066,76.51
22,6311,1,2066,76.47
22,6312,1,2066,76.51
22,6313,1,2064,76.52
22,6314,1,2066,76.53
22,6315,1,2066,76.54
22,6316,1,2064,76.54
22,6317,1,2064,76.52
22,6318,1,2066,76.50
22,6319,1,2066,76.48
22,6320,1,2066,76.48
22,6321,1,2068,76.48
22,6322,1,2068,76.50
22,6323,1,2066,76.49
22,6324,1,2068,76.50
22,6325,1,2064,76.51
22,6326,1,2066,76.49
22,6327,1,2066,76.49
22,6328,1,2066,76.49
22,6329,1,2064,76.47
22,6330,1,2068,76.47
22,6331,1,2068,76.46
22,6332,1,2066,76.45
22,6333,1,2068,76.43
22,6334,1,2068,76.41
22,6335,1,2068,76.40
22,6336,1,2068,76.41
22,6337,1,2070,76.40
22,6338,1,2068,76.39
22,6339,1,2070,76.37
22,6340,1,2070,76.36
22,6341,1,2068,76.35
22,6342,1,2068,76.31
22,6343,1,2068,76.31
22,6344,1,2070,76.30
22,6345,1,2070,76.27
22,6346,1,2072,76.27
22,6347,1,2070,76.25
22,6348,1,2072,76.24
22,6349,1,2072,76.24
22,6350,1,2070,76.20
22,6351,1,2074,76.16
22,6352,1,2072,76.17
22,6353,1,2072,76.15
22,6354,1,2076,76.11
22,6355,1,2074,76.11
22,6356,1,2076,76.09
22,6357,1,2076,76.07
22,6358,1,2074,76.08
22,6359,1,2078,76.05
22,6360,1,2076,76.01
22,6361,1,2078,75.99
22,6362,1,2078,75.98
22,6363,1,2078,75.95
22,6364,1,2078,75.94
22,6365,1,2078,75.91
22,6366,1,2080,75.90
22,6367,1,2078,75.83
22,6368,1,2080,75.90
22,6369,1,2080,75.84
22,6370,1,2078,75.87
22,6371,1,2082,75.81
22,6372,1,2082,75.78
22,6373,1,2082,75.72
22,6374,1,2080,75.77
22,6375,1,2084,75.71
22,6376,1,2084,75.71
22,6377,1,2082,75.71
22,6378,1,2082,75.71
22,6379,1,2082,75.73
22,6380,1,2082,75.69
22,6381,1,2082,75.67
22,6382,1,2088,75.65
22,6383,1,2084,75.56
22,6384,1,2084,75.62
22,6385,1,2084,75.59
22,6386,1,2086,75.59
22,6387,1,2088,75.58
22,6388,1,2086,75.48
22,6389,1,2086,75.55
22,6390,1,2090,75.54
22,6391,1,2088,75.37
22,6392,1,2082,75.65
22,6393,1,2080,75.76
22,6394,1,2084,75.70
22,6395,1,2082,75.68
22,6396,1,2086,75.70
22,6397,1,2084,75.71
22,6398,1,2082,75.72
22,6399,1,2080,75.71
22,6400,1,2080,75.70
22,6401,1,2078,75.84
22,6402,1,2078,75.85
22,6403,1,2078,75.89
22,6404,1,2078,75.91
22,6405,1,2080,75.94
22,6406,1,2078,76.00
22,6407,1,2076,76.05
22,6408,1,2074,76.09
22,6409,1,2074,76.11
22,6410,1,2072,76.14
22,6411,1,2072,76.19
22,6412,1,2072,76.24
22,6413,1,2072,76.27
22,6414,1,2072,76.30
22,6415,1,2070,76.31
22,6416,1,2068,76.31
22,6417,1,2070,76.30
22,6418,1,2070,76.30
22,6419,1,2072,76.30
22,6420,1,2070,76.27
22,6421,1,2068,76.31
22,6422,1,2072,76.32
22,6423,1,2070,76.29
22,6424,1,2068,76.32
22,6425,1,2068,76.30
22,6426,1,2068,76.31
22,6427,1,2070,76.33
22,6428,1,2070,76.32
22,6429,1,2068,76.35
22,6430,1,2070,76.34
22,6431,1,2068,76.34
22,6432,1,2070,76.34
22,6433,1,2070,76.32
22,6434,1,2070,76.34
22,6435,1,2068,76.34
22,6436,1,2068,76.34
22,6437,1,2070,76.34
22,6438,1,2068,76.34
22,6439,1,2070,76.34
22,6440,1,2070,76.34
22,6441,1,2068,76.33
22,6442,1,2070,76.33
22,6443,1,2068,76.32
22,6444,1,2070,76.33
22,6445,1,2070,76.33
22,6446,1,2070,76.33
22,6447,1,2070,76.32
22,6448,1,2070,76.32
22,6449,1,2070,76.32
22,6450,1,2070,76.33
22,6451,1,2070,76.34
22,6452,1,2068,76.35
22,6453,1,2068,76.34
22,6454,1,2070,76.36
22,6455,1,2068,76.37
22,6456,1,2068,76.37
22,6457,1,2068,76.38
22,6458,1,2066,76.39
22,6459,1,2068,76.39
22,6460,1,2068,76.41
22,6461,1,2068,76.39
22,6462,1,2068,76.41
22,6463,1,2068,76.41
22,6464,1,2068,76.42
22,6465,1,2068,76.41
22,6466,1,2066,76.43
22,6467,1,2066,76.43
22,6468,1,2070,76.44
22,6469,1,2066,76.44
22,6470,1,2068,76.45
22,6471,1,2068,76.46
22,6472,1,2068,76.47
22,6473,1,2066,76.47
22,6474,1,2058,76.50
23,6475,1,2072,76.45
23,6476,1,2076,76.05
23,6477,1,2082,75.88
23,6478,1,2082,75.77
23,6479,1,2084,75.69
23,6480,1,2086,75.66
23,6481,1,2084,75.63
23,6482,1,2084,75.61
23,6483,1,2086,75.64
23,6484,1,2084,75.65
23,6485,1,2082,75.66
23,6486,1,2082,75.70
23,6487,1,2082,75.73
23,6488,1,2080,75.78
23,6489,1,2080,75.84
23,6490,1,2078,75.91
23,6491,1,2076,76.01
23,6492,1,2072,76.12
23,6493,1,2072,76.19
23,6494,1,2068,76.33
23,6495,1,2068,76.43
23,6496,1,2064,76.53
23,6497,1,2064,76.59
23,6498,1,2062,76.64
23,6499,1,2062,76.67
23,6500,1,2062,76.68
23,6501,1,2062,76.69
23,6502,1,2062,76.71
23,6503,1,2062,76.70
23,6504,1,2062,76.73
23,6505,1,2062,76.75
23,6506,1,2060,76.74
23,6507,1,2060,76.76
23,6508,1,2062,76.75
23,6509,1,2060,76.76
23,6510,1,2060,76.75
23,6511,1,2062,76.74
23,6512,1,2060,76.75
23,6513,1,2060,76.75
23,6514,1,2060,76.75
23,6515,1,2062,76.77
23,6516,1,2060,76.76
23,6517,1,2060,76.77
23,6518,1,2058,76.78
23,6519,1,2060,76.80
23,6520,1,2058,76.83
23,6521,1,2058,76.83
23,6522,1,2058,76.86
23,6523,1,2058,76.85
23,6524,1,2058,76.88
23,6525,1,2058,76.89
23,6526,1,2058,76.90
23,6527,1,2056,76.91
23,6528,1,2060,76.90
23,6529,1,2060,76.89
23,6530,1,2058,76.86
23,6531,1,2060,76.83
23,6532,1,2062,76.78
23,6533,1,2062,76.73
23,6534,1,2060,76.73
23,6535,1,2062,76.72
23,6536,1,2062,76.70
23,6537,1,2062,76.68
23,6538,1,2064,76.67
23,6539,1,2060,76.66
23,6540,1,2064,76.64
23,6541,1,2064,76.60
23,6542,1,2064,76.57
23,6543,1,2068,76.52
23,6544,1,2066,76.45
23,6545,1,2068,76.41
23,6546,1,2070,76.39
23,6547,1,2068,76.42
23,6548,1,2068,76.41
23,6549,1,2068,76.41
23,6550,1,2066,76.42
23,6551,1,2068,76.42
23,6552,1,2070,76.41
23,6553,1,2068,76.42
23,6554,1,2068,76.42
23,6555,1,2070,76.40
23,6556,1,2070,76.41
23,6557,1,2070,76.39
23,6558,1,2068,76.39
23,6559,1,2068,76.39
23,6560,1,2070,76.40
23,6561,1,2068,76.41
23,6562,1,2066,76.43
23,6563,1,2066,76.45
23,6564,1,2066,76.47
23,6565,1,2066,76.49
23,6566,1,2066,76.47
23,6567,1,2066,76.48
23,6568,1,2068,76.45
23,6569,1,2068,76.45
23,6570,1,2068,76.43
23,6571,1,2068,76.42
23,6572,1,2070,76.40
23,6573,1,2068,76.39
23,6574,1,2068,76.37
23,6575,1,2068,76.37
23,6576,1,2068,76.36
23,6577,1,2068,76.35
23,6578,1,2068,76.34
23,6579,1,2070,76.34
23,6580,1,2074,76.23
23,6581,1,2070,76.30
23,6582,1,2072,76.30
23,6583,1,2078,75.99
23,6584,1,2080,75.94
23,6585,1,2070,76.13
23,6586,1,2068,76.32
23,6587,1,2070,76.28
23,6588,1,2072,76.26
23,6589,1,2070,76.25
23,6590,1,2072,76.24
23,6591,1,2070,76.25
23,6592,1,2070,76.23
23,6593,1,2072,76.21
23,6594,1,2072,76.18
23,6595,1,2072,76.19
23,6596,1,2072,76.17
23,6597,1,2072,76.16
23,6598,1,2074,76.14
23,6599,1,2074,76.14
23,6600,1,2074,76.13
23,6601,1,2070,76.12
23,6602,1,2074,76.12
23,6603,1,2074,76.11
23,6604,1,2076,76.09
23,6605,1,2076,76.07
23,6606,1,2080,76.04
23,6607,1,2080,75.89
23,6608,1,2074,76.08
23,6609,1,2076,76.08
23,6610,1,2076,76.06
23,6611,1,2076,76.05
23,6612,1,2076,76.06
23,6613,1,2074,76.05
23,6614,1,2076,76.04
23,6615,1,2076,76.03
23,6616,1,2078,76.01
23,6617,1,2076,76.01
23,6618,1,2076,75.99
23,6619,1,2076,75.97
23,6620,1,2080,75.97
23,6621,1,2076,75.96
23,6622,1,2078,75.95
23,6623,1,2078,75.97
23,6624,1,2076,75.97
23,6625,1,2078,75.97
23,6626,1,2078,75.94
23,6627,1,2078,75.93
23,6628,1,2080,75.92
23,6629,1,2080,75.89
23,6630,1,2080,75.90
23,6631,1,2078,75.89
23,6632,1,2078,75.90
23,6633,1,2078,75.91
23,6634,1,2080,75.89
23,6635,1,2078,75.91
23,6636,1,2078,75.91
23,6637,1,2080,75.93
23,6638,1,2078,75.91
23,6639,1,2078,75.88
23,6640,1,2078,75.91
23,6641,1,2082,75.89
23,6642,1,2078,75.88
23,6643,1,2078,75.89
23,6644,1,2078,75.91
23,6645,1,2082,75.90
23,6646,1,2078,75.91
23,6647,1,2078,75.93
23,6648,1,2078,75.92
23,6649,1,2078,75.91
23,6650,1,2078,75.93
23,6651,1,2080,75.91
23,6652,1,2080,75.91
23,6653,1,2080,75.89
23,6654,1,2080,75.87
23,6655,1,2080,75.86
23,6656,1,2080,75.86
23,6657,1,2080,75.86
23,6658,1,2078,75.85
23,6659,1,2080,75.88
23,6660,1,2078,75.88
23,6661,1,2080,75.90
23,6662,1,2078,75.90
23,6663,1,2080,75.90
23,6664,1,2078,75.90
23,6665,1,2078,75.90
23,6666,1,2078,75.90
23,6667,1,2078,75.88
23,6668,1,2078,75.86
23,6669,1,2078,75.87
23,6670,1,2078,75.86
23,6671,1,2080,75.88
23,6672,1,2080,75.90
23,6673,1,2080,75.88
23,6674,1,2078,75.88
23,6675,1,2080,75.86
23,6676,1,2078,75.85
23,6677,1,2078,75.85
23,6678,1,2082,75.81
23,6679,1,2084,75.81
23,6680,1,2082,75.77
23,6681,1,2082,75.79
23,6682,1,2084,75.79
23,6683,1,2082,75.79
23,6684,1,2082,75.77
23,6685,1,2080,75.80
23,6686,1,2080,75.79
23,6687,1,2082,75.78
23,6688,1,2080,75.82
23,6689,1,2080,75.83
23,6690,1,2080,75.83
23,6691,1,2080,75.82
23,6692,1,2080,75.81
23,6693,1,2080,75.80
23,6694,1,2082,75.79
23,6695,1,2082,75.77
23,6696,1,2082,75.75
23,6697,1,2082,75.77
23,6698,1,2084,75.75
23,6699,1,2080,75.77
23,6700,1,2082,75.76
23,6701,1,2082,75.76
23,6702,1,2084,75.75
23,6703,1,2080,75.76
23,6704,1,2082,75.76
23,6705,1,2082,75.76
23,6706,1,2082,75.75
23,6707,1,2082,75.76
23,6708,1,2080,75.76
23,6709,1,2082,75.74
23,6710,1,2082,75.76
23,6711,1,2080,75.79
23,6712,1,2082,75.75
23,6713,1,2082,75.72
23,6714,1,2084,75.72
23,6715,1,2082,75.71
23,6716,1,2082,75.71
23,6717,1,2082,75.71
23,6718,1,2084,75.70
23,6719,1,2084,75.69
23,6720,1,2084,75.67
23,6721,1,2084,75.67
23,6722,1,2084,75.67
23,6723,1,2084,75.68
23,6724,1,2084,75.68
23,6725,1,2082,75.67
23,6726,1,2082,75.71
23,6727,1,2082,75.70
23,6728,1,2084,75.70
23,6729,1,2084,75.69
23,6730,1,2082,75.72
23,6731,1,2084,75.71
23,6732,1,2082,75.68
23,6733,1,2084,75.67
23,6734,1,2082,75.68
23,6735,1,2082,75.70
23,6736,1,2082,75.74
23,6737,1,2082,75.72
23,6738,1,2084,75.71
23,6739,1,2084,75.69
23,6740,1,2082,75.66
23,6741,1,2084,75.68
23,6742,1,2086,75.65
23,6743,1,2084,75.67
23,6744,1,2084,75.68
23,6745,1,2084,75.66
23,6746,1,2084,75.66
23,6747,1,2084,75.63
23,6748,1,2086,75.60
23,6749,1,2086,75.60
23,6750,1,2086,75.58
23,6751,1,2086,75.58
23,6752,1,2084,75.59
23,6753,1,2086,75.61
23,6754,1,2086,75.64
23,6755,1,2084,75.66
23,6756,1,2082,75.66
23,6757,1,2082,75.64
23,6758,1,2084,75.65
23,6759,1,2084,75.64
23,6760,1,2086,75.63
23,6761,1,2084,75.62
23,6762,1,2086,75.62
23,6763,1,2086,75.62
23,6764,1,2084,75.61
23,6765,1,2084,75.60
23,6766,1,2084,75.61
23,6767,1,2084,75.60
23,6768,1,2084,75.60
23,6769,1,2084,75.61
23,6770,1,2084,75.61
23,6771,1,2084,75.60
23,6772,1,2082,75.60
23,6773,1,2084,75.60
23,6774,1,2086,75.58
23,6775,1,2086,75.57
23,6776,1,2086,75.53
23,6777,1,2086,75.50
23,6778,1,2086,75.52
23,6779,1,2088,75.52
23,6780,1,2088,75.51
23,6781,1,2088,75.51
23,6782,1,2086,75.53
23,6783,1,2084,75.53
23,6784,1,2086,75.52
23,6785,1,2088,75.55
23,6786,1,2084,75.57
23,6787,1,2084,75.58
23,6788,1,2086,75.57
23,6789,1,2086,75.59
23,6790,1,2086,75.58
23,6791,1,2084,75.58
23,6792,1,2084,75.59
23,6793,1,2086,75.57
23,6794,1,2086,75.58
23,6795,1,2086,75.56
23,6796,1,2086,75.57
23,6797,1,2084,75.57
23,6798,1,2084,75.57
23,6799,1,2086,75.54
23,6800,1,2088,75.52
23,6801,1,2088,75.51
23,6802,1,2088,75.51
23,6803,1,2086,75.47
23,6804,1,2090,75.46
23,6805,1,2086,75.46
23,6806,1,2088,75.46
23,6807,1,2088,75.46
23,6808,1,2088,75.46
23,6809,1,2088,75.48
23,6810,1,2086,75.49
23,6811,1,2088,75.49
23,6812,1,2088,75.47
23,6813,1,2088,75.47
23,6814,1,2088,75.49
23,6815,1,2088,75.48
23,6816,1,2086,75.47
23,6817,1,2086,75.49
23,6818,1,2088,75.49
23,6819,1,2086,75.50
23,6820,1,2088,75.49
23,6821,1,2088,75.49
23,6822,1,2086,75.50
23,6823,1,2088,75.50
23,6824,1,2088,75.50
23,6825,1,2086,75.49
23,6826,1,2088,75.48
23,6827,1,2088,75.48
23,6828,1,2088,75.47
23,6829,1,2090,75.45
23,6830,1,2090,75.45
23,6831,1,2088,75.45
23,6832,1,2090,75.44
23,6833,1,2088,75.44
23,6834,1,2090,75.43
23,6835,1,2090,75.43
23,6836,1,2088,75.42
23,6837,1,2090,75.42
23,6838,1,2088,75.42
23,6839,1,2090,75.40
23,6840,1,2090,75.41
23,6841,1,2086,75.41
23,6842,1,2090,75.41
23,6843,1,2090,75.42
23,6844,1,2090,75.40
23,6845,1,2088,75.40
23,6846,1,2090,75.40
23,6847,1,2088,75.40
23,6848,1,2090,75.39
23,6849,1,2090,75.37
23,6850,1,2090,75.40
23,6851,1,2090,75.39
23,6852,1,2088,75.38
23,6853,1,2092,75.37
23,6854,1,2092,75.38
23,6855,1,2088,75.38
23,6856,1,2090,75.35
23,6857,1,2090,75.37
23,6858,1,2090,75.38
23,6859,1,2090,75.35
23,6860,1,2090,75.36
23,6861,1,2090,75.35
23,6862,1,2090,75.35
23,6863,1,2090,75.36
23,6864,1,2092,75.35
23,6865,1,2090,75.35
23,6866,1,2092,75.34
23,6867,1,2090,75.35
23,6868,1,2090,75.35
23,6869,1,2088,75.35
23,6870,1,2090,75.33
23,6871,1,2090,75.34
23,6872,1,2090,75.34
23,6873,1,2092,75.35
23,6874,1,2092,75.34
23,6875,1,2092,75.34
23,6876,1,2090,75.32
23,6877,1,2090,75.34
23,6878,1,2090,75.33
23,6879,1,2090,75.33
23,6880,1,2090,75.32
23,6881,1,2092,75.31
23,6882,1,2090,75.30
23,6883,1,2090,75.31
23,6884,1,2090,75.32
23,6885,1,2092,75.30
23,6886,1,2092,75.30
23,6887,1,2092,75.29
23,6888,1,2090,75.29
23,6889,1,2092,75.30
23,6890,1,2090,75.28
23,6891,1,2092,75.29
23,6892,1,2090,75.27
23,6893,1,2092,75.27
23,6894,1,2092,75.27
23,6895,1,2094,75.27
23,6896,1,2092,75.28
23,6897,1,2090,75.28
23,6898,1,2092,75.27
23,6899,1,2092,75.27
23,6900,1,2092,75.26
23,6901,1,2092,75.26
23,6902,1,2092,75.26
23,6903,1,2090,75.25
23,6904,1,2092,75.26
23,6905,1,2092,75.26
23,6906,1,2094,75.26
23,6907,1,2090,75.26
23,6908,1,2092,75.25
23,6909,1,2092,75.26
23,6910,1,2094,75.25
23,6911,1,2094,75.23
23,6912,1,2092,75.26
23,6913,1,2092,75.24
23,6914,1,2094,75.26
23,6915,1,2094,75.25
23,6916,1,2092,75.24
23,6917,1,2094,75.24
23,6918,1,2092,75.23
23,6919,1,2092,75.22
23,6920,1,2094,75.22
23,6921,1,2092,75.22
23,6922,1,2092,75.20
23,6923,1,2094,75.23
23,6924,1,2094,75.22
23,6925,1,2094,75.22
23,6926,1,2092,75.21
23,6927,1,2094,75.19
23,6928,1,2094,75.21
23,6929,1,2094,75.19
23,6930,1,2094,75.21
23,6931,1,2096,75.20
23,6932,1,2092,75.21
23,6933,1,2092,75.19
23,6934,1,2094,75.20
23,6935,1,2096,75.19
23,6936,1,2094,75.20
23,6937,1,2094,75.19
23,6938,1,2094,75.18
23,6939,1,2094,75.18
23,6940,1,2094,75.17
23,6941,1,2092,75.17
23,6942,1,2096,75.17
23,6943,1,2092,75.18
23,6944,1,2094,75.18
23,6945,1,2094,75.17
23,6946,1,2094,75.17
23,6947,1,2092,75.15
23,6948,1,2092,75.16
23,6949,1,2094,75.16
23,6950,1,2094,75.17
23,6951,1,2094,75.15
23,6952,1,2096,75.15
23,6953,1,2096,75.16
23,6954,1,2094,75.15
23,6955,1,2096,75.16
23,6956,1,2096,75.15
23,6957,1,2096,75.15
23,6958,1,2096,75.16
23,6959,1,2094,75.15
23,6960,1,2094,75.15
23,6961,1,2094,75.17
23,6962,1,2094,75.15
23,6963,1,2094,75.15
23,6964,1,2092,75.15
23,6965,1,2096,75.15
23,6966,1,2096,75.14
23,6967,1,2092,75.15
23,6968,1,2096,75.15
23,6969,1,2094,75.14
23,6970,1,2096,75.14
23,6971,1,2094,75.13
23,6972,1,2096,75.14
23,6973,1,2092,75.14
23,6974,1,2096,75.15
23,6975,1,2094,75.14
23,6976,1,2096,75.13
23,6977,1,2094,75.14
23,6978,1,2096,75.14
23,6979,1,2094,75.12
23,6980,1,2096,75.13
23,6981,1,2094,75.13
23,6982,1,2094,75.14
23,6983,1,2094,75.14
23,6984,1,2092,75.13
23,6985,1,2094,75.14
23,6986,1,2096,75.13
23,6987,1,2094,75.13
23,6988,1,2094,75.13
23,6989,1,2094,75.14
23,6990,1,2096,75.13
23,6991,1,2096,75.13
23,6992,1,2094,75.12
23,6993,1,2094,75.13
23,6994,1,2096,75.14
23,6995,1,2096,75.12
23,6996,1,2094,75.13
23,6997,1,2094,75.14
23,6998,1,2094,75.14
23,6999,1,2098,75.14
23,7000,1,2096,75.13
23,7001,1,2096,75.13
23,7002,1,2094,75.13
23,7003,1,2094,75.14
23,7004,1,2094,75.13
23,7005,1,2092,75.14
23,7006,1,2096,75.15
23,7007,1,2094,75.14
23,7008,1,2096,75.14
23,7009,1,2094,75.14
23,7010,1,2096,75.14
23,7011,1,2096,75.14
23,7012,1,2096,75.13
23,7013,1,2096,75.13
23,7014,1,2094,75.13
23,7015,1,2096,75.12
23,7016,1,2094,75.14
23,7017,1,2094,75.12
23,7018,1,2094,75.13
23,7019,1,2094,75.13
23,7020,1,2094,75.13
23,7021,1,2096,75.12
23,7022,1,2094,75.11
23,7023,1,2096,75.12
23,7024,1,2096,75.10
23,7025,1,2096,75.10
23,7026,1,2096,75.10
23,7027,1,2096,75.09
23,7028,1,2096,75.08
23,7029,1,2098,75.09
23,7030,1,2094,75.10
23,7031,1,2098,75.09
23,7032,1,2096,75.09
23,7033,1,2098,75.09
23,7034,1,2096,75.08
23,7035,1,2096,75.10
23,7036,1,2096,75.09
23,7037,1,2096,75.08
23,7038,1,2096,75.10
23,7039,1,2096,75.07
23,7040,1,2096,75.09
23,7041,1,2096,75.07
23,7042,1,2096,75.07
23,7043,1,2096,75.09
23,7044,1,2096,75.07
23,7045,1,2096,75.07
23,7046,1,2098,75.05
23,7047,1,2098,75.05
23,7048,1,2096,75.06
23,7049,1,2096,75.07
23,7050,1,2098,75.06
23,7051,1,2098,75.06
23,7052,1,2096,75.07
23,7053,1,2096,75.07
23,7054,1,2096,75.05
23,7055,1,2096,75.07
23,7056,1,2098,75.04
23,7057,1,2096,75.05
23,7058,1,2096,75.05
23,7059,1,2096,75.05
23,7060,1,2096,75.05
23,7061,1,2096,75.05
23,7062,1,2096,75.05
23,7063,1,2096,75.05
23,7064,1,2098,75.04
23,7065,1,2098,75.05
23,7066,1,2096,75.04
23,7067,1,2098,75.04
23,7068,1,2096,75.04
23,7069,1,2096,75.03
23,7070,1,2096,75.02
23,7071,1,2098,75.02
23,7072,1,2096,75.02
23,7073,1,2098,75.03
23,7074,1,2096,75.01
23,7075,1,2098,75.03
23,7076,1,2096,75.03
23,7077,1,2096,75.03
23,7078,1,2096,75.02
23,7079,1,2098,75.02
23,7080,1,2094,75.02
23,7081,1,2096,75.02
23,7082,1,2098,75.01
24,7083,1,3672,43.19
24,7084,1,3674,0.60
24,7085,1,3674,0.61
24,7086,1,3674,0.61
24,7087,1,3674,0.62
24,7088,1,3674,0.64
24,7089,1,3674,0.64
24,7090,1,3674,0.66
24,7091,1,3668,0.69
24,7092,1,3668,0.93
24,7093,1,406,55.42
24,7094,1,424,100.00
24,7095,1,422,100.00
24,7096,1,598,100.00
24,7097,1,398,100.00
24,7098,1,466,100.00
24,7099,1,372,100.00
25,7100,1,4095,0.00
25,7101,1,4095,0.00
25,7102,1,4095,63.33
25,7103,1,48,73.41
25,7104,1,68,83.33
25,7105,1,50,51.67
25,7106,1,480,77.97
25,7107,1,4095,33.33
25,7108,1,4095,0.00
25,7109,1,44,5.00
25,7110,1,50,78.33
25,7111,1,46,78.33
25,7112,1,42,76.67
25,7113,1,3676,82.19
25,7114,1,44,81.67
25,7115,1,4095,26.67
25,7116,1,46,3.33
